Reference area,Frequency of observation,Measure,Unit of measure,Price base,TIME_PERIOD,OBS_VALUE
Australia,Annual,Gross domestic product,Percent per annum,Constant prices,1996,3.913247255
Australia,Annual,Gross domestic product,Percent per annum,Constant prices,1997,4.663214646
Australia,Annual,Gross domestic product,Percent per annum,Constant prices,1998,5.027684053
Australia,Annual,Gross domestic product,Percent per annum,Constant prices,1999,3.921502994
Australia,Annual,Gross domestic product,Percent per annum,Constant prices,2000,2.025105558
Australia,Annual,Gross domestic product,Percent per annum,Constant prices,2001,3.979585662
Australia,Annual,Gross domestic product,Percent per annum,Constant prices,2002,3.090761888
Australia,Annual,Gross domestic product,Percent per annum,Constant prices,2003,4.224284783
Australia,Annual,Gross domestic product,Percent per annum,Constant prices,2004,3.154167616
Australia,Annual,Gross domestic product,Percent per annum,Constant prices,2005,2.755346113
Australia,Annual,Gross domestic product,Percent per annum,Constant prices,2006,3.773321654
Australia,Annual,Gross domestic product,Percent per annum,Constant prices,2007,3.586266958
Australia,Annual,Gross domestic product,Percent per annum,Constant prices,2008,1.892555786
Australia,Annual,Gross domestic product,Percent per annum,Constant prices,2009,2.219980265
Australia,Annual,Gross domestic product,Percent per annum,Constant prices,2010,2.40708023
Australia,Annual,Gross domestic product,Percent per annum,Constant prices,2011,3.916709418
Australia,Annual,Gross domestic product,Percent per annum,Constant prices,2012,2.602193415
Australia,Annual,Gross domestic product,Percent per annum,Constant prices,2013,2.595284071
Australia,Annual,Gross domestic product,Percent per annum,Constant prices,2014,2.190169336
Australia,Annual,Gross domestic product,Percent per annum,Constant prices,2015,2.759385912
Australia,Annual,Gross domestic product,Percent per annum,Constant prices,2016,2.27959183
Australia,Annual,Gross domestic product,Percent per annum,Constant prices,2017,2.878469724
Australia,Annual,Gross domestic product,Percent per annum,Constant prices,2018,2.17154503
Australia,Annual,Gross domestic product,Percent per annum,Constant prices,2019,-0.119590709
Australia,Annual,Gross domestic product,Percent per annum,Constant prices,2020,2.111168124
Australia,Annual,Gross domestic product,Percent per annum,Constant prices,2021,4.242385602
Australia,Annual,Gross domestic product,Percent per annum,Constant prices,2022,3.441992139
Australia,Annual,Gross domestic product,Percent per annum,Constant prices,2023,1.431112561
Austria,Annual,Gross domestic product,Percent per annum,Constant prices,1996,2.215766961
Austria,Annual,Gross domestic product,Percent per annum,Constant prices,1997,2.145835029
Austria,Annual,Gross domestic product,Percent per annum,Constant prices,1998,3.492880226
Austria,Annual,Gross domestic product,Percent per annum,Constant prices,1999,3.761924252
Austria,Annual,Gross domestic product,Percent per annum,Constant prices,2000,3.189522837
Austria,Annual,Gross domestic product,Percent per annum,Constant prices,2001,1.316987746
Austria,Annual,Gross domestic product,Percent per annum,Constant prices,2002,1.484368683
Austria,Annual,Gross domestic product,Percent per annum,Constant prices,2003,1.141565109
Austria,Annual,Gross domestic product,Percent per annum,Constant prices,2004,2.565255306
Austria,Annual,Gross domestic product,Percent per annum,Constant prices,2005,2.320365191
Austria,Annual,Gross domestic product,Percent per annum,Constant prices,2006,3.269336114
Austria,Annual,Gross domestic product,Percent per annum,Constant prices,2007,3.775224317
Austria,Annual,Gross domestic product,Percent per annum,Constant prices,2008,1.453305802
Austria,Annual,Gross domestic product,Percent per annum,Constant prices,2009,-3.586264676
Austria,Annual,Gross domestic product,Percent per annum,Constant prices,2010,1.808982354
Austria,Annual,Gross domestic product,Percent per annum,Constant prices,2011,2.927468016
Austria,Annual,Gross domestic product,Percent per annum,Constant prices,2012,0.628246174
Austria,Annual,Gross domestic product,Percent per annum,Constant prices,2013,-0.2507263
Austria,Annual,Gross domestic product,Percent per annum,Constant prices,2014,0.755798766
Austria,Annual,Gross domestic product,Percent per annum,Constant prices,2015,1.303523278
Austria,Annual,Gross domestic product,Percent per annum,Constant prices,2016,2.117219605
Austria,Annual,Gross domestic product,Percent per annum,Constant prices,2017,2.272250058
Austria,Annual,Gross domestic product,Percent per annum,Constant prices,2018,2.484220998
Austria,Annual,Gross domestic product,Percent per annum,Constant prices,2019,1.754976341
Austria,Annual,Gross domestic product,Percent per annum,Constant prices,2020,-6.318255109
Austria,Annual,Gross domestic product,Percent per annum,Constant prices,2021,4.795328838
Austria,Annual,Gross domestic product,Percent per annum,Constant prices,2022,5.277894419
Austria,Annual,Gross domestic product,Percent per annum,Constant prices,2023,-0.954962453
Austria,Annual,Gross domestic product,Percent per annum,Constant prices,2024,-1.173540431
Belgium,Annual,Gross domestic product,Percent per annum,Constant prices,1996,1.321432142
Belgium,Annual,Gross domestic product,Percent per annum,Constant prices,1997,3.793671662
Belgium,Annual,Gross domestic product,Percent per annum,Constant prices,1998,1.961832346
Belgium,Annual,Gross domestic product,Percent per annum,Constant prices,1999,3.542718078
Belgium,Annual,Gross domestic product,Percent per annum,Constant prices,2000,3.716705113
Belgium,Annual,Gross domestic product,Percent per annum,Constant prices,2001,1.099603513
Belgium,Annual,Gross domestic product,Percent per annum,Constant prices,2002,1.706894409
Belgium,Annual,Gross domestic product,Percent per annum,Constant prices,2003,1.03795515
Belgium,Annual,Gross domestic product,Percent per annum,Constant prices,2004,3.571206699
Belgium,Annual,Gross domestic product,Percent per annum,Constant prices,2005,2.321737865
Belgium,Annual,Gross domestic product,Percent per annum,Constant prices,2006,2.552340989
Belgium,Annual,Gross domestic product,Percent per annum,Constant prices,2007,3.67692455
Belgium,Annual,Gross domestic product,Percent per annum,Constant prices,2008,0.446905182
Belgium,Annual,Gross domestic product,Percent per annum,Constant prices,2009,-1.906441063
Belgium,Annual,Gross domestic product,Percent per annum,Constant prices,2010,2.710311455
Belgium,Annual,Gross domestic product,Percent per annum,Constant prices,2011,1.931154977
Belgium,Annual,Gross domestic product,Percent per annum,Constant prices,2012,0.215803712
Belgium,Annual,Gross domestic product,Percent per annum,Constant prices,2013,0.30549456
Belgium,Annual,Gross domestic product,Percent per annum,Constant prices,2014,1.765540269
Belgium,Annual,Gross domestic product,Percent per annum,Constant prices,2015,1.4741644
Belgium,Annual,Gross domestic product,Percent per annum,Constant prices,2016,1.19350277
Belgium,Annual,Gross domestic product,Percent per annum,Constant prices,2017,1.474467606
Belgium,Annual,Gross domestic product,Percent per annum,Constant prices,2018,1.877968522
Belgium,Annual,Gross domestic product,Percent per annum,Constant prices,2019,2.442890033
Belgium,Annual,Gross domestic product,Percent per annum,Constant prices,2020,-4.792983938
Belgium,Annual,Gross domestic product,Percent per annum,Constant prices,2021,6.202553976
Belgium,Annual,Gross domestic product,Percent per annum,Constant prices,2022,4.233431944
Belgium,Annual,Gross domestic product,Percent per annum,Constant prices,2023,1.251700502
Belgium,Annual,Gross domestic product,Percent per annum,Constant prices,2024,0.995630163
Canada,Annual,Gross domestic product,Percent per annum,Constant prices,1996,1.688961184
Canada,Annual,Gross domestic product,Percent per annum,Constant prices,1997,4.280166807
Canada,Annual,Gross domestic product,Percent per annum,Constant prices,1998,3.892886531
Canada,Annual,Gross domestic product,Percent per annum,Constant prices,1999,5.141003583
Canada,Annual,Gross domestic product,Percent per annum,Constant prices,2000,5.138539143
Canada,Annual,Gross domestic product,Percent per annum,Constant prices,2001,1.875098144
Canada,Annual,Gross domestic product,Percent per annum,Constant prices,2002,2.999255318
Canada,Annual,Gross domestic product,Percent per annum,Constant prices,2003,1.806385157
Canada,Annual,Gross domestic product,Percent per annum,Constant prices,2004,3.092363827
Canada,Annual,Gross domestic product,Percent per annum,Constant prices,2005,3.210454352
Canada,Annual,Gross domestic product,Percent per annum,Constant prices,2006,2.63794379
Canada,Annual,Gross domestic product,Percent per annum,Constant prices,2007,2.049904584
Canada,Annual,Gross domestic product,Percent per annum,Constant prices,2008,0.995406376
Canada,Annual,Gross domestic product,Percent per annum,Constant prices,2009,-2.915086287
Canada,Annual,Gross domestic product,Percent per annum,Constant prices,2010,3.090806391
Canada,Annual,Gross domestic product,Percent per annum,Constant prices,2011,3.137194367
Canada,Annual,Gross domestic product,Percent per annum,Constant prices,2012,1.755661339
Canada,Annual,Gross domestic product,Percent per annum,Constant prices,2013,2.325813578
Canada,Annual,Gross domestic product,Percent per annum,Constant prices,2014,2.873466742
Canada,Annual,Gross domestic product,Percent per annum,Constant prices,2015,0.649971006
Canada,Annual,Gross domestic product,Percent per annum,Constant prices,2016,1.038550913
Canada,Annual,Gross domestic product,Percent per annum,Constant prices,2017,3.033834959
Canada,Annual,Gross domestic product,Percent per annum,Constant prices,2018,2.742963424
Canada,Annual,Gross domestic product,Percent per annum,Constant prices,2019,1.908431899
Canada,Annual,Gross domestic product,Percent per annum,Constant prices,2020,-5.038233391
Canada,Annual,Gross domestic product,Percent per annum,Constant prices,2021,5.950528048
Canada,Annual,Gross domestic product,Percent per annum,Constant prices,2022,4.189036236
Canada,Annual,Gross domestic product,Percent per annum,Constant prices,2023,1.528745503
Canada,Annual,Gross domestic product,Percent per annum,Constant prices,2024,1.528081142
Chile,Annual,Gross domestic product,Percent per annum,Constant prices,1996,7.413505975
Chile,Annual,Gross domestic product,Percent per annum,Constant prices,1997,7.391739451
Chile,Annual,Gross domestic product,Percent per annum,Constant prices,1998,4.1808864
Chile,Annual,Gross domestic product,Percent per annum,Constant prices,1999,-0.273631465
Chile,Annual,Gross domestic product,Percent per annum,Constant prices,2000,4.971621497
Chile,Annual,Gross domestic product,Percent per annum,Constant prices,2001,3.154035158
Chile,Annual,Gross domestic product,Percent per annum,Constant prices,2002,3.202799131
Chile,Annual,Gross domestic product,Percent per annum,Constant prices,2003,4.723245222
Chile,Annual,Gross domestic product,Percent per annum,Constant prices,2004,6.674254298
Chile,Annual,Gross domestic product,Percent per annum,Constant prices,2005,5.837045498
Chile,Annual,Gross domestic product,Percent per annum,Constant prices,2006,6.049991017
Chile,Annual,Gross domestic product,Percent per annum,Constant prices,2007,5.16823078
Chile,Annual,Gross domestic product,Percent per annum,Constant prices,2008,3.789392885
Chile,Annual,Gross domestic product,Percent per annum,Constant prices,2009,-1.118037188
Chile,Annual,Gross domestic product,Percent per annum,Constant prices,2010,5.851650892
Chile,Annual,Gross domestic product,Percent per annum,Constant prices,2011,6.223896918
Chile,Annual,Gross domestic product,Percent per annum,Constant prices,2012,6.155340015
Chile,Annual,Gross domestic product,Percent per annum,Constant prices,2013,3.308508179
Chile,Annual,Gross domestic product,Percent per annum,Constant prices,2014,1.7926495
Chile,Annual,Gross domestic product,Percent per annum,Constant prices,2015,2.151942457
Chile,Annual,Gross domestic product,Percent per annum,Constant prices,2016,1.753038753
Chile,Annual,Gross domestic product,Percent per annum,Constant prices,2017,1.357695487
Chile,Annual,Gross domestic product,Percent per annum,Constant prices,2018,3.990029331
Chile,Annual,Gross domestic product,Percent per annum,Constant prices,2019,0.634367624
Chile,Annual,Gross domestic product,Percent per annum,Constant prices,2020,-6.143474776
Chile,Annual,Gross domestic product,Percent per annum,Constant prices,2021,11.333957
Chile,Annual,Gross domestic product,Percent per annum,Constant prices,2022,2.058740046
Chile,Annual,Gross domestic product,Percent per annum,Constant prices,2023,0.218780676
Colombia,Annual,Gross domestic product,Percent per annum,Constant prices,1996,1.588051903
Colombia,Annual,Gross domestic product,Percent per annum,Constant prices,1997,3.194517145
Colombia,Annual,Gross domestic product,Percent per annum,Constant prices,1998,0.604256491
Colombia,Annual,Gross domestic product,Percent per annum,Constant prices,1999,-5.190991299
Colombia,Annual,Gross domestic product,Percent per annum,Constant prices,2000,2.56919773
Colombia,Annual,Gross domestic product,Percent per annum,Constant prices,2001,1.677928151
Colombia,Annual,Gross domestic product,Percent per annum,Constant prices,2002,2.503863089
Colombia,Annual,Gross domestic product,Percent per annum,Constant prices,2003,3.918507467
Colombia,Annual,Gross domestic product,Percent per annum,Constant prices,2004,5.332941672
Colombia,Annual,Gross domestic product,Percent per annum,Constant prices,2005,4.706559004
Colombia,Annual,Gross domestic product,Percent per annum,Constant prices,2006,6.716868591
Colombia,Annual,Gross domestic product,Percent per annum,Constant prices,2007,6.738194706
Colombia,Annual,Gross domestic product,Percent per annum,Constant prices,2008,3.283446242
Colombia,Annual,Gross domestic product,Percent per annum,Constant prices,2009,1.139648639
Colombia,Annual,Gross domestic product,Percent per annum,Constant prices,2010,4.494658967
Colombia,Annual,Gross domestic product,Percent per annum,Constant prices,2011,6.947891888
Colombia,Annual,Gross domestic product,Percent per annum,Constant prices,2012,3.912635806
Colombia,Annual,Gross domestic product,Percent per annum,Constant prices,2013,5.133993539
Colombia,Annual,Gross domestic product,Percent per annum,Constant prices,2014,4.49903004
Colombia,Annual,Gross domestic product,Percent per annum,Constant prices,2015,2.955901323
Colombia,Annual,Gross domestic product,Percent per annum,Constant prices,2016,2.087382449
Colombia,Annual,Gross domestic product,Percent per annum,Constant prices,2017,1.359360874
Colombia,Annual,Gross domestic product,Percent per annum,Constant prices,2018,2.564324373
Colombia,Annual,Gross domestic product,Percent per annum,Constant prices,2019,3.186855378
Colombia,Annual,Gross domestic product,Percent per annum,Constant prices,2020,-7.185914203
Colombia,Annual,Gross domestic product,Percent per annum,Constant prices,2021,10.80119825
Colombia,Annual,Gross domestic product,Percent per annum,Constant prices,2022,7.288883909
Colombia,Annual,Gross domestic product,Percent per annum,Constant prices,2023,0.610430134
Costa Rica,Annual,Gross domestic product,Percent per annum,Constant prices,1996,1.350458745
Costa Rica,Annual,Gross domestic product,Percent per annum,Constant prices,1997,5.476165395
Costa Rica,Annual,Gross domestic product,Percent per annum,Constant prices,1998,7.155309483
Costa Rica,Annual,Gross domestic product,Percent per annum,Constant prices,1999,4.214809927
Costa Rica,Annual,Gross domestic product,Percent per annum,Constant prices,2000,3.868718003
Costa Rica,Annual,Gross domestic product,Percent per annum,Constant prices,2001,3.491170388
Costa Rica,Annual,Gross domestic product,Percent per annum,Constant prices,2002,3.416876461
Costa Rica,Annual,Gross domestic product,Percent per annum,Constant prices,2003,4.317179361
Costa Rica,Annual,Gross domestic product,Percent per annum,Constant prices,2004,4.424600619
Costa Rica,Annual,Gross domestic product,Percent per annum,Constant prices,2005,3.976665207
Costa Rica,Annual,Gross domestic product,Percent per annum,Constant prices,2006,7.32669674
Costa Rica,Annual,Gross domestic product,Percent per annum,Constant prices,2007,8.215130803
Costa Rica,Annual,Gross domestic product,Percent per annum,Constant prices,2008,4.738175843
Costa Rica,Annual,Gross domestic product,Percent per annum,Constant prices,2009,-0.873456636
Costa Rica,Annual,Gross domestic product,Percent per annum,Constant prices,2010,5.360343618
Costa Rica,Annual,Gross domestic product,Percent per annum,Constant prices,2011,4.403159942
Costa Rica,Annual,Gross domestic product,Percent per annum,Constant prices,2012,4.882592414
Costa Rica,Annual,Gross domestic product,Percent per annum,Constant prices,2013,2.494765317
Costa Rica,Annual,Gross domestic product,Percent per annum,Constant prices,2014,3.542110556
Costa Rica,Annual,Gross domestic product,Percent per annum,Constant prices,2015,3.652080566
Costa Rica,Annual,Gross domestic product,Percent per annum,Constant prices,2016,4.204323529
Costa Rica,Annual,Gross domestic product,Percent per annum,Constant prices,2017,4.157698824
Costa Rica,Annual,Gross domestic product,Percent per annum,Constant prices,2018,2.61590408
Costa Rica,Annual,Gross domestic product,Percent per annum,Constant prices,2019,2.417512411
Costa Rica,Annual,Gross domestic product,Percent per annum,Constant prices,2020,-4.273354916
Costa Rica,Annual,Gross domestic product,Percent per annum,Constant prices,2021,7.935762278
Costa Rica,Annual,Gross domestic product,Percent per annum,Constant prices,2022,4.551492481
Costa Rica,Annual,Gross domestic product,Percent per annum,Constant prices,2023,5.111921519
Czechia,Annual,Gross domestic product,Percent per annum,Constant prices,1996,4.168584302
Czechia,Annual,Gross domestic product,Percent per annum,Constant prices,1997,-0.595838635
Czechia,Annual,Gross domestic product,Percent per annum,Constant prices,1998,-0.393150159
Czechia,Annual,Gross domestic product,Percent per annum,Constant prices,1999,1.3783608
Czechia,Annual,Gross domestic product,Percent per annum,Constant prices,2000,4.010669552
Czechia,Annual,Gross domestic product,Percent per annum,Constant prices,2001,2.917219382
Czechia,Annual,Gross domestic product,Percent per annum,Constant prices,2002,1.513459564
Czechia,Annual,Gross domestic product,Percent per annum,Constant prices,2003,3.300837026
Czechia,Annual,Gross domestic product,Percent per annum,Constant prices,2004,4.736339525
Czechia,Annual,Gross domestic product,Percent per annum,Constant prices,2005,6.375029004
Czechia,Annual,Gross domestic product,Percent per annum,Constant prices,2006,6.623172923
Czechia,Annual,Gross domestic product,Percent per annum,Constant prices,2007,5.488825829
Czechia,Annual,Gross domestic product,Percent per annum,Constant prices,2008,2.612268158
Czechia,Annual,Gross domestic product,Percent per annum,Constant prices,2009,-4.798324193
Czechia,Annual,Gross domestic product,Percent per annum,Constant prices,2010,2.714665056
Czechia,Annual,Gross domestic product,Percent per annum,Constant prices,2011,1.772380858
Czechia,Annual,Gross domestic product,Percent per annum,Constant prices,2012,-0.770668024
Czechia,Annual,Gross domestic product,Percent per annum,Constant prices,2013,-0.041812397
Czechia,Annual,Gross domestic product,Percent per annum,Constant prices,2014,2.245212016
Czechia,Annual,Gross domestic product,Percent per annum,Constant prices,2015,4.958758568
Czechia,Annual,Gross domestic product,Percent per annum,Constant prices,2016,2.580870219
Czechia,Annual,Gross domestic product,Percent per annum,Constant prices,2017,5.173565235
Czechia,Annual,Gross domestic product,Percent per annum,Constant prices,2018,2.83030592
Czechia,Annual,Gross domestic product,Percent per annum,Constant prices,2019,3.565776436
Czechia,Annual,Gross domestic product,Percent per annum,Constant prices,2020,-5.304879381
Czechia,Annual,Gross domestic product,Percent per annum,Constant prices,2021,4.029018124
Czechia,Annual,Gross domestic product,Percent per annum,Constant prices,2022,2.847170671
Czechia,Annual,Gross domestic product,Percent per annum,Constant prices,2023,-0.055261786
Czechia,Annual,Gross domestic product,Percent per annum,Constant prices,2024,1.133622168
Denmark,Annual,Gross domestic product,Percent per annum,Constant prices,1996,2.89575045
Denmark,Annual,Gross domestic product,Percent per annum,Constant prices,1997,3.168481476
Denmark,Annual,Gross domestic product,Percent per annum,Constant prices,1998,2.326302799
Denmark,Annual,Gross domestic product,Percent per annum,Constant prices,1999,2.967305171
Denmark,Annual,Gross domestic product,Percent per annum,Constant prices,2000,3.724009004
Denmark,Annual,Gross domestic product,Percent per annum,Constant prices,2001,0.950032275
Denmark,Annual,Gross domestic product,Percent per annum,Constant prices,2002,0.456530145
Denmark,Annual,Gross domestic product,Percent per annum,Constant prices,2003,0.441090824
Denmark,Annual,Gross domestic product,Percent per annum,Constant prices,2004,2.776352091
Denmark,Annual,Gross domestic product,Percent per annum,Constant prices,2005,2.359608818
Denmark,Annual,Gross domestic product,Percent per annum,Constant prices,2006,3.816487461
Denmark,Annual,Gross domestic product,Percent per annum,Constant prices,2007,0.987173876
Denmark,Annual,Gross domestic product,Percent per annum,Constant prices,2008,-0.417178517
Denmark,Annual,Gross domestic product,Percent per annum,Constant prices,2009,-4.974478999
Denmark,Annual,Gross domestic product,Percent per annum,Constant prices,2010,1.582897254
Denmark,Annual,Gross domestic product,Percent per annum,Constant prices,2011,1.310803774
Denmark,Annual,Gross domestic product,Percent per annum,Constant prices,2012,-0.005432522
Denmark,Annual,Gross domestic product,Percent per annum,Constant prices,2013,1.392673637
Denmark,Annual,Gross domestic product,Percent per annum,Constant prices,2014,1.277999543
Denmark,Annual,Gross domestic product,Percent per annum,Constant prices,2015,2.104414664
Denmark,Annual,Gross domestic product,Percent per annum,Constant prices,2016,3.073045536
Denmark,Annual,Gross domestic product,Percent per annum,Constant prices,2017,3.056477377
Denmark,Annual,Gross domestic product,Percent per annum,Constant prices,2018,1.860007402
Denmark,Annual,Gross domestic product,Percent per annum,Constant prices,2019,1.711400877
Denmark,Annual,Gross domestic product,Percent per annum,Constant prices,2020,-1.780105926
Denmark,Annual,Gross domestic product,Percent per annum,Constant prices,2021,7.382066193
Denmark,Annual,Gross domestic product,Percent per annum,Constant prices,2022,1.54017313
Denmark,Annual,Gross domestic product,Percent per annum,Constant prices,2023,2.495184347
Denmark,Annual,Gross domestic product,Percent per annum,Constant prices,2024,3.566273148
Estonia,Annual,Gross domestic product,Percent per annum,Constant prices,1996,4.943017874
Estonia,Annual,Gross domestic product,Percent per annum,Constant prices,1997,13.05001174
Estonia,Annual,Gross domestic product,Percent per annum,Constant prices,1998,4.339834949
Estonia,Annual,Gross domestic product,Percent per annum,Constant prices,1999,-0.425026401
Estonia,Annual,Gross domestic product,Percent per annum,Constant prices,2000,10.08763599
Estonia,Annual,Gross domestic product,Percent per annum,Constant prices,2001,5.880745943
Estonia,Annual,Gross domestic product,Percent per annum,Constant prices,2002,6.933000657
Estonia,Annual,Gross domestic product,Percent per annum,Constant prices,2003,7.596302603
Estonia,Annual,Gross domestic product,Percent per annum,Constant prices,2004,6.800699893
Estonia,Annual,Gross domestic product,Percent per annum,Constant prices,2005,9.523052075
Estonia,Annual,Gross domestic product,Percent per annum,Constant prices,2006,9.762571906
Estonia,Annual,Gross domestic product,Percent per annum,Constant prices,2007,7.570920866
Estonia,Annual,Gross domestic product,Percent per annum,Constant prices,2008,-5.125313386
Estonia,Annual,Gross domestic product,Percent per annum,Constant prices,2009,-14.63022096
Estonia,Annual,Gross domestic product,Percent per annum,Constant prices,2010,2.449747798
Estonia,Annual,Gross domestic product,Percent per annum,Constant prices,2011,7.606976834
Estonia,Annual,Gross domestic product,Percent per annum,Constant prices,2012,3.672019807
Estonia,Annual,Gross domestic product,Percent per annum,Constant prices,2013,1.756492008
Estonia,Annual,Gross domestic product,Percent per annum,Constant prices,2014,3.322789773
Estonia,Annual,Gross domestic product,Percent per annum,Constant prices,2015,1.838155156
Estonia,Annual,Gross domestic product,Percent per annum,Constant prices,2016,3.093020171
Estonia,Annual,Gross domestic product,Percent per annum,Constant prices,2017,5.634670707
Estonia,Annual,Gross domestic product,Percent per annum,Constant prices,2018,3.699696101
Estonia,Annual,Gross domestic product,Percent per annum,Constant prices,2019,3.726650301
Estonia,Annual,Gross domestic product,Percent per annum,Constant prices,2020,-2.883809805
Estonia,Annual,Gross domestic product,Percent per annum,Constant prices,2021,7.154448701
Estonia,Annual,Gross domestic product,Percent per annum,Constant prices,2022,0.060429888
Estonia,Annual,Gross domestic product,Percent per annum,Constant prices,2023,-3.023038126
Estonia,Annual,Gross domestic product,Percent per annum,Constant prices,2024,-0.261006155
Finland,Annual,Gross domestic product,Percent per annum,Constant prices,1996,3.66265765
Finland,Annual,Gross domestic product,Percent per annum,Constant prices,1997,6.397700585
Finland,Annual,Gross domestic product,Percent per annum,Constant prices,1998,5.454269962
Finland,Annual,Gross domestic product,Percent per annum,Constant prices,1999,4.389280879
Finland,Annual,Gross domestic product,Percent per annum,Constant prices,2000,5.753737854
Finland,Annual,Gross domestic product,Percent per annum,Constant prices,2001,2.640261886
Finland,Annual,Gross domestic product,Percent per annum,Constant prices,2002,1.687326371
Finland,Annual,Gross domestic product,Percent per annum,Constant prices,2003,2.011799821
Finland,Annual,Gross domestic product,Percent per annum,Constant prices,2004,4.005379311
Finland,Annual,Gross domestic product,Percent per annum,Constant prices,2005,2.777309574
Finland,Annual,Gross domestic product,Percent per annum,Constant prices,2006,4.019573189
Finland,Annual,Gross domestic product,Percent per annum,Constant prices,2007,5.312801707
Finland,Annual,Gross domestic product,Percent per annum,Constant prices,2008,0.784431139
Finland,Annual,Gross domestic product,Percent per annum,Constant prices,2009,-8.076030868
Finland,Annual,Gross domestic product,Percent per annum,Constant prices,2010,3.168287573
Finland,Annual,Gross domestic product,Percent per annum,Constant prices,2011,2.390394794
Finland,Annual,Gross domestic product,Percent per annum,Constant prices,2012,-1.522840248
Finland,Annual,Gross domestic product,Percent per annum,Constant prices,2013,-0.979741067
Finland,Annual,Gross domestic product,Percent per annum,Constant prices,2014,-0.478068351
Finland,Annual,Gross domestic product,Percent per annum,Constant prices,2015,0.466503762
Finland,Annual,Gross domestic product,Percent per annum,Constant prices,2016,2.571933941
Finland,Annual,Gross domestic product,Percent per annum,Constant prices,2017,3.30337047
Finland,Annual,Gross domestic product,Percent per annum,Constant prices,2018,1.192977685
Finland,Annual,Gross domestic product,Percent per annum,Constant prices,2019,1.349738436
Finland,Annual,Gross domestic product,Percent per annum,Constant prices,2020,-2.491036305
Finland,Annual,Gross domestic product,Percent per annum,Constant prices,2021,2.676346742
Finland,Annual,Gross domestic product,Percent per annum,Constant prices,2022,0.763041367
Finland,Annual,Gross domestic product,Percent per annum,Constant prices,2023,-0.946904762
Finland,Annual,Gross domestic product,Percent per annum,Constant prices,2024,-0.154214623
France,Annual,Gross domestic product,Percent per annum,Constant prices,1996,1.397079867
France,Annual,Gross domestic product,Percent per annum,Constant prices,1997,2.527061656
France,Annual,Gross domestic product,Percent per annum,Constant prices,1998,3.452594322
France,Annual,Gross domestic product,Percent per annum,Constant prices,1999,3.399308086
France,Annual,Gross domestic product,Percent per annum,Constant prices,2000,4.140999967
France,Annual,Gross domestic product,Percent per annum,Constant prices,2001,1.899467036
France,Annual,Gross domestic product,Percent per annum,Constant prices,2002,1.067750267
France,Annual,Gross domestic product,Percent per annum,Constant prices,2003,0.967827173
France,Annual,Gross domestic product,Percent per annum,Constant prices,2004,2.868250538
France,Annual,Gross domestic product,Percent per annum,Constant prices,2005,1.88856583
France,Annual,Gross domestic product,Percent per annum,Constant prices,2006,2.714064481
France,Annual,Gross domestic product,Percent per annum,Constant prices,2007,2.530481898
France,Annual,Gross domestic product,Percent per annum,Constant prices,2008,0.380171424
France,Annual,Gross domestic product,Percent per annum,Constant prices,2009,-2.824551519
France,Annual,Gross domestic product,Percent per annum,Constant prices,2010,2.000324759
France,Annual,Gross domestic product,Percent per annum,Constant prices,2011,2.43757654
France,Annual,Gross domestic product,Percent per annum,Constant prices,2012,0.183835264
France,Annual,Gross domestic product,Percent per annum,Constant prices,2013,0.78175642
France,Annual,Gross domestic product,Percent per annum,Constant prices,2014,0.997832969
France,Annual,Gross domestic product,Percent per annum,Constant prices,2015,1.066754734
France,Annual,Gross domestic product,Percent per annum,Constant prices,2016,0.860031067
France,Annual,Gross domestic product,Percent per annum,Constant prices,2017,2.083614888
France,Annual,Gross domestic product,Percent per annum,Constant prices,2018,1.645908701
France,Annual,Gross domestic product,Percent per annum,Constant prices,2019,2.027446465
France,Annual,Gross domestic product,Percent per annum,Constant prices,2020,-7.440645888
France,Annual,Gross domestic product,Percent per annum,Constant prices,2021,6.882337819
France,Annual,Gross domestic product,Percent per annum,Constant prices,2022,2.570840488
France,Annual,Gross domestic product,Percent per annum,Constant prices,2023,0.936487526
France,Annual,Gross domestic product,Percent per annum,Constant prices,2024,1.166138501
Germany,Annual,Gross domestic product,Percent per annum,Constant prices,1996,1.038155831
Germany,Annual,Gross domestic product,Percent per annum,Constant prices,1997,1.854817256
Germany,Annual,Gross domestic product,Percent per annum,Constant prices,1998,2.09616139
Germany,Annual,Gross domestic product,Percent per annum,Constant prices,1999,2.130116709
Germany,Annual,Gross domestic product,Percent per annum,Constant prices,2000,2.877245954
Germany,Annual,Gross domestic product,Percent per annum,Constant prices,2001,1.636540992
Germany,Annual,Gross domestic product,Percent per annum,Constant prices,2002,-0.228310223
Germany,Annual,Gross domestic product,Percent per annum,Constant prices,2003,-0.529929025
Germany,Annual,Gross domestic product,Percent per annum,Constant prices,2004,1.162368259
Germany,Annual,Gross domestic product,Percent per annum,Constant prices,2005,0.885697264
Germany,Annual,Gross domestic product,Percent per annum,Constant prices,2006,3.855736149
Germany,Annual,Gross domestic product,Percent per annum,Constant prices,2007,2.890107175
Germany,Annual,Gross domestic product,Percent per annum,Constant prices,2008,0.910403218
Germany,Annual,Gross domestic product,Percent per annum,Constant prices,2009,-5.545164556
Germany,Annual,Gross domestic product,Percent per annum,Constant prices,2010,4.146767547
Germany,Annual,Gross domestic product,Percent per annum,Constant prices,2011,3.757968846
Germany,Annual,Gross domestic product,Percent per annum,Constant prices,2012,0.474291334
Germany,Annual,Gross domestic product,Percent per annum,Constant prices,2013,0.386224586
Germany,Annual,Gross domestic product,Percent per annum,Constant prices,2014,2.169498901
Germany,Annual,Gross domestic product,Percent per annum,Constant prices,2015,1.652719777
Germany,Annual,Gross domestic product,Percent per annum,Constant prices,2016,2.294710667
Germany,Annual,Gross domestic product,Percent per annum,Constant prices,2017,2.716024559
Germany,Annual,Gross domestic product,Percent per annum,Constant prices,2018,1.116443108
Germany,Annual,Gross domestic product,Percent per annum,Constant prices,2019,0.987893353
Germany,Annual,Gross domestic product,Percent per annum,Constant prices,2020,-4.095137522
Germany,Annual,Gross domestic product,Percent per annum,Constant prices,2021,3.66999988
Germany,Annual,Gross domestic product,Percent per annum,Constant prices,2022,1.369731039
Germany,Annual,Gross domestic product,Percent per annum,Constant prices,2023,-0.266438395
Germany,Annual,Gross domestic product,Percent per annum,Constant prices,2024,-0.238526854
Greece,Annual,Gross domestic product,Percent per annum,Constant prices,1996,1.382470728
Greece,Annual,Gross domestic product,Percent per annum,Constant prices,1997,3.602883131
Greece,Annual,Gross domestic product,Percent per annum,Constant prices,1998,3.436935772
Greece,Annual,Gross domestic product,Percent per annum,Constant prices,1999,2.658785813
Greece,Annual,Gross domestic product,Percent per annum,Constant prices,2000,4.137827222
Greece,Annual,Gross domestic product,Percent per annum,Constant prices,2001,4.650414092
Greece,Annual,Gross domestic product,Percent per annum,Constant prices,2002,4.683137191
Greece,Annual,Gross domestic product,Percent per annum,Constant prices,2003,5.796823147
Greece,Annual,Gross domestic product,Percent per annum,Constant prices,2004,5.377866143
Greece,Annual,Gross domestic product,Percent per annum,Constant prices,2005,1.183506279
Greece,Annual,Gross domestic product,Percent per annum,Constant prices,2006,6.443397639
Greece,Annual,Gross domestic product,Percent per annum,Constant prices,2007,3.506870129
Greece,Annual,Gross domestic product,Percent per annum,Constant prices,2008,0.057473776
Greece,Annual,Gross domestic product,Percent per annum,Constant prices,2009,-4.119276185
Greece,Annual,Gross domestic product,Percent per annum,Constant prices,2010,-5.693741209
Greece,Annual,Gross domestic product,Percent per annum,Constant prices,2011,-9.876778831
Greece,Annual,Gross domestic product,Percent per annum,Constant prices,2012,-8.331134131
Greece,Annual,Gross domestic product,Percent per annum,Constant prices,2013,-2.272116571
Greece,Annual,Gross domestic product,Percent per annum,Constant prices,2014,0.792224531
Greece,Annual,Gross domestic product,Percent per annum,Constant prices,2015,-0.228301442
Greece,Annual,Gross domestic product,Percent per annum,Constant prices,2016,-0.031795368
Greece,Annual,Gross domestic product,Percent per annum,Constant prices,2017,1.47312476
Greece,Annual,Gross domestic product,Percent per annum,Constant prices,2018,2.06467248
Greece,Annual,Gross domestic product,Percent per annum,Constant prices,2019,2.277180853
Greece,Annual,Gross domestic product,Percent per annum,Constant prices,2020,-9.196231663
Greece,Annual,Gross domestic product,Percent per annum,Constant prices,2021,8.654497953
Greece,Annual,Gross domestic product,Percent per annum,Constant prices,2022,5.743649206
Greece,Annual,Gross domestic product,Percent per annum,Constant prices,2023,2.332123838
Greece,Annual,Gross domestic product,Percent per annum,Constant prices,2024,2.271736405
Hungary,Annual,Gross domestic product,Percent per annum,Constant prices,1996,0.101237221
Hungary,Annual,Gross domestic product,Percent per annum,Constant prices,1997,2.977875001
Hungary,Annual,Gross domestic product,Percent per annum,Constant prices,1998,3.848109281
Hungary,Annual,Gross domestic product,Percent per annum,Constant prices,1999,3.086059963
Hungary,Annual,Gross domestic product,Percent per annum,Constant prices,2000,4.409376348
Hungary,Annual,Gross domestic product,Percent per annum,Constant prices,2001,4.06202373
Hungary,Annual,Gross domestic product,Percent per annum,Constant prices,2002,4.730064138
Hungary,Annual,Gross domestic product,Percent per annum,Constant prices,2003,3.938779627
Hungary,Annual,Gross domestic product,Percent per annum,Constant prices,2004,4.963124342
Hungary,Annual,Gross domestic product,Percent per annum,Constant prices,2005,4.300282444
Hungary,Annual,Gross domestic product,Percent per annum,Constant prices,2006,3.933930739
Hungary,Annual,Gross domestic product,Percent per annum,Constant prices,2007,0.332355692
Hungary,Annual,Gross domestic product,Percent per annum,Constant prices,2008,0.993437197
Hungary,Annual,Gross domestic product,Percent per annum,Constant prices,2009,-6.740165357
Hungary,Annual,Gross domestic product,Percent per annum,Constant prices,2010,1.067951246
Hungary,Annual,Gross domestic product,Percent per annum,Constant prices,2011,1.916707996
Hungary,Annual,Gross domestic product,Percent per annum,Constant prices,2012,-1.339485485
Hungary,Annual,Gross domestic product,Percent per annum,Constant prices,2013,2.03217023
Hungary,Annual,Gross domestic product,Percent per annum,Constant prices,2014,4.334354889
Hungary,Annual,Gross domestic product,Percent per annum,Constant prices,2015,3.659814441
Hungary,Annual,Gross domestic product,Percent per annum,Constant prices,2016,2.438642635
Hungary,Annual,Gross domestic product,Percent per annum,Constant prices,2017,4.124184669
Hungary,Annual,Gross domestic product,Percent per annum,Constant prices,2018,5.606137274
Hungary,Annual,Gross domestic product,Percent per annum,Constant prices,2019,5.077185752
Hungary,Annual,Gross domestic product,Percent per annum,Constant prices,2020,-4.338726353
Hungary,Annual,Gross domestic product,Percent per annum,Constant prices,2021,7.121143083
Hungary,Annual,Gross domestic product,Percent per annum,Constant prices,2022,4.260907856
Hungary,Annual,Gross domestic product,Percent per annum,Constant prices,2023,-0.94622444
Hungary,Annual,Gross domestic product,Percent per annum,Constant prices,2024,0.532688484
Iceland,Annual,Gross domestic product,Percent per annum,Constant prices,1996,4.567131453
Iceland,Annual,Gross domestic product,Percent per annum,Constant prices,1997,5.771610944
Iceland,Annual,Gross domestic product,Percent per annum,Constant prices,1998,7.362800056
Iceland,Annual,Gross domestic product,Percent per annum,Constant prices,1999,4.034921141
Iceland,Annual,Gross domestic product,Percent per annum,Constant prices,2000,4.985044224
Iceland,Annual,Gross domestic product,Percent per annum,Constant prices,2001,4.013499515
Iceland,Annual,Gross domestic product,Percent per annum,Constant prices,2002,0.559516282
Iceland,Annual,Gross domestic product,Percent per annum,Constant prices,2003,2.14268857
Iceland,Annual,Gross domestic product,Percent per annum,Constant prices,2004,7.802395933
Iceland,Annual,Gross domestic product,Percent per annum,Constant prices,2005,6.124439503
Iceland,Annual,Gross domestic product,Percent per annum,Constant prices,2006,6.316998347
Iceland,Annual,Gross domestic product,Percent per annum,Constant prices,2007,8.454856365
Iceland,Annual,Gross domestic product,Percent per annum,Constant prices,2008,2.209499111
Iceland,Annual,Gross domestic product,Percent per annum,Constant prices,2009,-7.663812613
Iceland,Annual,Gross domestic product,Percent per annum,Constant prices,2010,-2.832770798
Iceland,Annual,Gross domestic product,Percent per annum,Constant prices,2011,1.84577773
Iceland,Annual,Gross domestic product,Percent per annum,Constant prices,2012,1.063635424
Iceland,Annual,Gross domestic product,Percent per annum,Constant prices,2013,4.552461887
Iceland,Annual,Gross domestic product,Percent per annum,Constant prices,2014,1.687212037
Iceland,Annual,Gross domestic product,Percent per annum,Constant prices,2015,4.436667807
Iceland,Annual,Gross domestic product,Percent per annum,Constant prices,2016,6.303687412
Iceland,Annual,Gross domestic product,Percent per annum,Constant prices,2017,4.194944485
Iceland,Annual,Gross domestic product,Percent per annum,Constant prices,2018,4.889175172
Iceland,Annual,Gross domestic product,Percent per annum,Constant prices,2019,1.861178608
Iceland,Annual,Gross domestic product,Percent per annum,Constant prices,2020,-6.94045251
Iceland,Annual,Gross domestic product,Percent per annum,Constant prices,2021,5.254207091
Iceland,Annual,Gross domestic product,Percent per annum,Constant prices,2022,8.992507781
Iceland,Annual,Gross domestic product,Percent per annum,Constant prices,2023,5.037182064
Ireland,Annual,Gross domestic product,Percent per annum,Constant prices,1996,7.37962253
Ireland,Annual,Gross domestic product,Percent per annum,Constant prices,1997,11.02176256
Ireland,Annual,Gross domestic product,Percent per annum,Constant prices,1998,8.766125831
Ireland,Annual,Gross domestic product,Percent per annum,Constant prices,1999,10.52988493
Ireland,Annual,Gross domestic product,Percent per annum,Constant prices,2000,9.403525011
Ireland,Annual,Gross domestic product,Percent per annum,Constant prices,2001,5.305820906
Ireland,Annual,Gross domestic product,Percent per annum,Constant prices,2002,5.899366687
Ireland,Annual,Gross domestic product,Percent per annum,Constant prices,2003,3.013838421
Ireland,Annual,Gross domestic product,Percent per annum,Constant prices,2004,6.788138788
Ireland,Annual,Gross domestic product,Percent per annum,Constant prices,2005,5.739782715
Ireland,Annual,Gross domestic product,Percent per annum,Constant prices,2006,4.987854421
Ireland,Annual,Gross domestic product,Percent per annum,Constant prices,2007,5.310117067
Ireland,Annual,Gross domestic product,Percent per annum,Constant prices,2008,-4.484069732
Ireland,Annual,Gross domestic product,Percent per annum,Constant prices,2009,-5.095781674
Ireland,Annual,Gross domestic product,Percent per annum,Constant prices,2010,1.682971963
Ireland,Annual,Gross domestic product,Percent per annum,Constant prices,2011,1.648774207
Ireland,Annual,Gross domestic product,Percent per annum,Constant prices,2012,-0.398960318
Ireland,Annual,Gross domestic product,Percent per annum,Constant prices,2013,2.192176055
Ireland,Annual,Gross domestic product,Percent per annum,Constant prices,2014,9.33603381
Ireland,Annual,Gross domestic product,Percent per annum,Constant prices,2015,24.61556997
Ireland,Annual,Gross domestic product,Percent per annum,Constant prices,2016,1.222638487
Ireland,Annual,Gross domestic product,Percent per annum,Constant prices,2017,10.04962849
Ireland,Annual,Gross domestic product,Percent per annum,Constant prices,2018,7.544341872
Ireland,Annual,Gross domestic product,Percent per annum,Constant prices,2019,5.040550294
Ireland,Annual,Gross domestic product,Percent per annum,Constant prices,2020,7.15789862
Ireland,Annual,Gross domestic product,Percent per annum,Constant prices,2021,16.2556136
Ireland,Annual,Gross domestic product,Percent per annum,Constant prices,2022,8.619503462
Ireland,Annual,Gross domestic product,Percent per annum,Constant prices,2023,-5.53000742
Ireland,Annual,Gross domestic product,Percent per annum,Constant prices,2024,1.221334256
Israel,Annual,Gross domestic product,Percent per annum,Constant prices,1996,5.841219628
Israel,Annual,Gross domestic product,Percent per annum,Constant prices,1997,3.612630343
Israel,Annual,Gross domestic product,Percent per annum,Constant prices,1998,4.111669788
Israel,Annual,Gross domestic product,Percent per annum,Constant prices,1999,3.296780049
Israel,Annual,Gross domestic product,Percent per annum,Constant prices,2000,8.582030142
Israel,Annual,Gross domestic product,Percent per annum,Constant prices,2001,0.278259972
Israel,Annual,Gross domestic product,Percent per annum,Constant prices,2002,-0.133990173
Israel,Annual,Gross domestic product,Percent per annum,Constant prices,2003,1.449000232
Israel,Annual,Gross domestic product,Percent per annum,Constant prices,2004,4.647979921
Israel,Annual,Gross domestic product,Percent per annum,Constant prices,2005,4.387810125
Israel,Annual,Gross domestic product,Percent per annum,Constant prices,2006,5.601659744
Israel,Annual,Gross domestic product,Percent per annum,Constant prices,2007,6.323230346
Israel,Annual,Gross domestic product,Percent per annum,Constant prices,2008,3.222159916
Israel,Annual,Gross domestic product,Percent per annum,Constant prices,2009,1.237719942
Israel,Annual,Gross domestic product,Percent per annum,Constant prices,2010,5.534469855
Israel,Annual,Gross domestic product,Percent per annum,Constant prices,2011,5.518650001
Israel,Annual,Gross domestic product,Percent per annum,Constant prices,2012,2.447600187
Israel,Annual,Gross domestic product,Percent per annum,Constant prices,2013,4.085529898
Israel,Annual,Gross domestic product,Percent per annum,Constant prices,2014,3.775829878
Israel,Annual,Gross domestic product,Percent per annum,Constant prices,2015,2.237600188
Israel,Annual,Gross domestic product,Percent per annum,Constant prices,2016,4.459580334
Israel,Annual,Gross domestic product,Percent per annum,Constant prices,2017,4.34709026
Israel,Annual,Gross domestic product,Percent per annum,Constant prices,2018,4.003679874
Israel,Annual,Gross domestic product,Percent per annum,Constant prices,2019,3.710400117
Israel,Annual,Gross domestic product,Percent per annum,Constant prices,2020,-2.021970169
Israel,Annual,Gross domestic product,Percent per annum,Constant prices,2021,9.388370082
Israel,Annual,Gross domestic product,Percent per annum,Constant prices,2022,6.263250071
Israel,Annual,Gross domestic product,Percent per annum,Constant prices,2023,1.826519961
Israel,Annual,Gross domestic product,Percent per annum,Constant prices,2024,0.871949947
Italy,Annual,Gross domestic product,Percent per annum,Constant prices,1996,1.345584757
Italy,Annual,Gross domestic product,Percent per annum,Constant prices,1997,1.925721259
Italy,Annual,Gross domestic product,Percent per annum,Constant prices,1998,1.804373274
Italy,Annual,Gross domestic product,Percent per annum,Constant prices,1999,1.677991566
Italy,Annual,Gross domestic product,Percent per annum,Constant prices,2000,3.882098837
Italy,Annual,Gross domestic product,Percent per annum,Constant prices,2001,2.006433327
Italy,Annual,Gross domestic product,Percent per annum,Constant prices,2002,0.269929648
Italy,Annual,Gross domestic product,Percent per annum,Constant prices,2003,0.066553803
Italy,Annual,Gross domestic product,Percent per annum,Constant prices,2004,1.474021734
Italy,Annual,Gross domestic product,Percent per annum,Constant prices,2005,0.762410675
Italy,Annual,Gross domestic product,Percent per annum,Constant prices,2006,1.799479902
Italy,Annual,Gross domestic product,Percent per annum,Constant prices,2007,1.462292069
Italy,Annual,Gross domestic product,Percent per annum,Constant prices,2008,-1.023138535
Italy,Annual,Gross domestic product,Percent per annum,Constant prices,2009,-5.305154008
Italy,Annual,Gross domestic product,Percent per annum,Constant prices,2010,1.529105726
Italy,Annual,Gross domestic product,Percent per annum,Constant prices,2011,0.695463174
Italy,Annual,Gross domestic product,Percent per annum,Constant prices,2012,-3.125238771
Italy,Annual,Gross domestic product,Percent per annum,Constant prices,2013,-1.818025114
Italy,Annual,Gross domestic product,Percent per annum,Constant prices,2014,-0.001387601
Italy,Annual,Gross domestic product,Percent per annum,Constant prices,2015,0.885667632
Italy,Annual,Gross domestic product,Percent per annum,Constant prices,2016,1.236221055
Italy,Annual,Gross domestic product,Percent per annum,Constant prices,2017,1.603699967
Italy,Annual,Gross domestic product,Percent per annum,Constant prices,2018,0.8266467
Italy,Annual,Gross domestic product,Percent per annum,Constant prices,2019,0.429162561
Italy,Annual,Gross domestic product,Percent per annum,Constant prices,2020,-8.868221223
Italy,Annual,Gross domestic product,Percent per annum,Constant prices,2021,8.931062098
Italy,Annual,Gross domestic product,Percent per annum,Constant prices,2022,4.821176712
Italy,Annual,Gross domestic product,Percent per annum,Constant prices,2023,0.715372499
Italy,Annual,Gross domestic product,Percent per annum,Constant prices,2024,0.725792354
Japan,Annual,Gross domestic product,Percent per annum,Constant prices,1996,3.133870991
Japan,Annual,Gross domestic product,Percent per annum,Constant prices,1997,0.981228736
Japan,Annual,Gross domestic product,Percent per annum,Constant prices,1998,-1.270330499
Japan,Annual,Gross domestic product,Percent per annum,Constant prices,1999,-0.333929964
Japan,Annual,Gross domestic product,Percent per annum,Constant prices,2000,2.764647572
Japan,Annual,Gross domestic product,Percent per annum,Constant prices,2001,0.386103409
Japan,Annual,Gross domestic product,Percent per annum,Constant prices,2002,0.041962503
Japan,Annual,Gross domestic product,Percent per annum,Constant prices,2003,1.535125502
Japan,Annual,Gross domestic product,Percent per annum,Constant prices,2004,2.186115696
Japan,Annual,Gross domestic product,Percent per annum,Constant prices,2005,1.803900867
Japan,Annual,Gross domestic product,Percent per annum,Constant prices,2006,1.372350137
Japan,Annual,Gross domestic product,Percent per annum,Constant prices,2007,1.483969398
Japan,Annual,Gross domestic product,Percent per annum,Constant prices,2008,-1.224289002
Japan,Annual,Gross domestic product,Percent per annum,Constant prices,2009,-5.693236344
Japan,Annual,Gross domestic product,Percent per annum,Constant prices,2010,4.097917922
Japan,Annual,Gross domestic product,Percent per annum,Constant prices,2011,0.023809516
Japan,Annual,Gross domestic product,Percent per annum,Constant prices,2012,1.374751
Japan,Annual,Gross domestic product,Percent per annum,Constant prices,2013,2.005100173
Japan,Annual,Gross domestic product,Percent per annum,Constant prices,2014,0.296205508
Japan,Annual,Gross domestic product,Percent per annum,Constant prices,2015,1.560626699
Japan,Annual,Gross domestic product,Percent per annum,Constant prices,2016,0.753826743
Japan,Annual,Gross domestic product,Percent per annum,Constant prices,2017,1.675331759
Japan,Annual,Gross domestic product,Percent per annum,Constant prices,2018,0.643391029
Japan,Annual,Gross domestic product,Percent per annum,Constant prices,2019,-0.402169202
Japan,Annual,Gross domestic product,Percent per annum,Constant prices,2020,-4.168764572
Japan,Annual,Gross domestic product,Percent per annum,Constant prices,2021,2.696574043
Japan,Annual,Gross domestic product,Percent per annum,Constant prices,2022,0.941998775
Japan,Annual,Gross domestic product,Percent per annum,Constant prices,2023,1.475034798
Korea,Annual,Gross domestic product,Percent per annum,Constant prices,1996,7.890703235
Korea,Annual,Gross domestic product,Percent per annum,Constant prices,1997,6.170552435
Korea,Annual,Gross domestic product,Percent per annum,Constant prices,1998,-5.129448146
Korea,Annual,Gross domestic product,Percent per annum,Constant prices,1999,11.46694249
Korea,Annual,Gross domestic product,Percent per annum,Constant prices,2000,9.060833248
Korea,Annual,Gross domestic product,Percent per annum,Constant prices,2001,4.725935644
Korea,Annual,Gross domestic product,Percent per annum,Constant prices,2002,7.743998961
Korea,Annual,Gross domestic product,Percent per annum,Constant prices,2003,3.074726608
Korea,Annual,Gross domestic product,Percent per annum,Constant prices,2004,5.183636881
Korea,Annual,Gross domestic product,Percent per annum,Constant prices,2005,4.358236621
Korea,Annual,Gross domestic product,Percent per annum,Constant prices,2006,5.245005543
Korea,Annual,Gross domestic product,Percent per annum,Constant prices,2007,5.841963387
Korea,Annual,Gross domestic product,Percent per annum,Constant prices,2008,3.004404501
Korea,Annual,Gross domestic product,Percent per annum,Constant prices,2009,0.819861747
Korea,Annual,Gross domestic product,Percent per annum,Constant prices,2010,6.981661395
Korea,Annual,Gross domestic product,Percent per annum,Constant prices,2011,3.688032063
Korea,Annual,Gross domestic product,Percent per annum,Constant prices,2012,2.547665497
Korea,Annual,Gross domestic product,Percent per annum,Constant prices,2013,3.291395967
Korea,Annual,Gross domestic product,Percent per annum,Constant prices,2014,3.214680183
Korea,Annual,Gross domestic product,Percent per annum,Constant prices,2015,2.9202927
Korea,Annual,Gross domestic product,Percent per annum,Constant prices,2016,3.171527495
Korea,Annual,Gross domestic product,Percent per annum,Constant prices,2017,3.433191738
Korea,Annual,Gross domestic product,Percent per annum,Constant prices,2018,3.176115701
Korea,Annual,Gross domestic product,Percent per annum,Constant prices,2019,2.313802102
Korea,Annual,Gross domestic product,Percent per annum,Constant prices,2020,-0.700242323
Korea,Annual,Gross domestic product,Percent per annum,Constant prices,2021,4.612967965
Korea,Annual,Gross domestic product,Percent per annum,Constant prices,2022,2.727564571
Korea,Annual,Gross domestic product,Percent per annum,Constant prices,2023,1.404126079
Latvia,Annual,Gross domestic product,Percent per annum,Constant prices,1996,2.299962581
Latvia,Annual,Gross domestic product,Percent per annum,Constant prices,1997,9.171473576
Latvia,Annual,Gross domestic product,Percent per annum,Constant prices,1998,6.550002522
Latvia,Annual,Gross domestic product,Percent per annum,Constant prices,1999,2.818406834
Latvia,Annual,Gross domestic product,Percent per annum,Constant prices,2000,5.841025574
Latvia,Annual,Gross domestic product,Percent per annum,Constant prices,2001,6.46057742
Latvia,Annual,Gross domestic product,Percent per annum,Constant prices,2002,7.665488338
Latvia,Annual,Gross domestic product,Percent per annum,Constant prices,2003,8.429131825
Latvia,Annual,Gross domestic product,Percent per annum,Constant prices,2004,8.72514559
Latvia,Annual,Gross domestic product,Percent per annum,Constant prices,2005,11.6153161
Latvia,Annual,Gross domestic product,Percent per annum,Constant prices,2006,12.82501873
Latvia,Annual,Gross domestic product,Percent per annum,Constant prices,2007,10.41453631
Latvia,Annual,Gross domestic product,Percent per annum,Constant prices,2008,-3.388716387
Latvia,Annual,Gross domestic product,Percent per annum,Constant prices,2009,-16.04001853
Latvia,Annual,Gross domestic product,Percent per annum,Constant prices,2010,-3.66125912
Latvia,Annual,Gross domestic product,Percent per annum,Constant prices,2011,3.036345151
Latvia,Annual,Gross domestic product,Percent per annum,Constant prices,2012,7.30524024
Latvia,Annual,Gross domestic product,Percent per annum,Constant prices,2013,2.096089099
Latvia,Annual,Gross domestic product,Percent per annum,Constant prices,2014,2.094960893
Latvia,Annual,Gross domestic product,Percent per annum,Constant prices,2015,3.783367772
Latvia,Annual,Gross domestic product,Percent per annum,Constant prices,2016,2.551685136
Latvia,Annual,Gross domestic product,Percent per annum,Constant prices,2017,3.398948472
Latvia,Annual,Gross domestic product,Percent per annum,Constant prices,2018,4.309713702
Latvia,Annual,Gross domestic product,Percent per annum,Constant prices,2019,0.675372004
Latvia,Annual,Gross domestic product,Percent per annum,Constant prices,2020,-3.469227433
Latvia,Annual,Gross domestic product,Percent per annum,Constant prices,2021,6.942542293
Latvia,Annual,Gross domestic product,Percent per annum,Constant prices,2022,1.806771255
Latvia,Annual,Gross domestic product,Percent per annum,Constant prices,2023,2.854218976
Latvia,Annual,Gross domestic product,Percent per annum,Constant prices,2024,-0.442492291
Lithuania,Annual,Gross domestic product,Percent per annum,Constant prices,1996,5.026942736
Lithuania,Annual,Gross domestic product,Percent per annum,Constant prices,1997,8.300631265
Lithuania,Annual,Gross domestic product,Percent per annum,Constant prices,1998,7.462937106
Lithuania,Annual,Gross domestic product,Percent per annum,Constant prices,1999,-1.097005862
Lithuania,Annual,Gross domestic product,Percent per annum,Constant prices,2000,3.418621165
Lithuania,Annual,Gross domestic product,Percent per annum,Constant prices,2001,6.484124255
Lithuania,Annual,Gross domestic product,Percent per annum,Constant prices,2002,6.7198404
Lithuania,Annual,Gross domestic product,Percent per annum,Constant prices,2003,10.55189647
Lithuania,Annual,Gross domestic product,Percent per annum,Constant prices,2004,6.50203598
Lithuania,Annual,Gross domestic product,Percent per annum,Constant prices,2005,7.731445594
Lithuania,Annual,Gross domestic product,Percent per annum,Constant prices,2006,7.395480783
Lithuania,Annual,Gross domestic product,Percent per annum,Constant prices,2007,11.0779297
Lithuania,Annual,Gross domestic product,Percent per annum,Constant prices,2008,2.599460263
Lithuania,Annual,Gross domestic product,Percent per annum,Constant prices,2009,-14.83861092
Lithuania,Annual,Gross domestic product,Percent per annum,Constant prices,2010,0.427199904
Lithuania,Annual,Gross domestic product,Percent per annum,Constant prices,2011,6.323635535
Lithuania,Annual,Gross domestic product,Percent per annum,Constant prices,2012,4.382905225
Lithuania,Annual,Gross domestic product,Percent per annum,Constant prices,2013,4.046915631
Lithuania,Annual,Gross domestic product,Percent per annum,Constant prices,2014,3.772542826
Lithuania,Annual,Gross domestic product,Percent per annum,Constant prices,2015,2.83280601
Lithuania,Annual,Gross domestic product,Percent per annum,Constant prices,2016,2.671921926
Lithuania,Annual,Gross domestic product,Percent per annum,Constant prices,2017,4.612243968
Lithuania,Annual,Gross domestic product,Percent per annum,Constant prices,2018,4.918368256
Lithuania,Annual,Gross domestic product,Percent per annum,Constant prices,2019,4.677351809
Lithuania,Annual,Gross domestic product,Percent per annum,Constant prices,2020,0.042815452
Lithuania,Annual,Gross domestic product,Percent per annum,Constant prices,2021,6.380015334
Lithuania,Annual,Gross domestic product,Percent per annum,Constant prices,2022,2.537525554
Lithuania,Annual,Gross domestic product,Percent per annum,Constant prices,2023,0.342262974
Lithuania,Annual,Gross domestic product,Percent per annum,Constant prices,2024,2.727360266
Luxembourg,Annual,Gross domestic product,Percent per annum,Constant prices,1996,1.398076012
Luxembourg,Annual,Gross domestic product,Percent per annum,Constant prices,1997,5.419831908
Luxembourg,Annual,Gross domestic product,Percent per annum,Constant prices,1998,6.67451353
Luxembourg,Annual,Gross domestic product,Percent per annum,Constant prices,1999,8.175180238
Luxembourg,Annual,Gross domestic product,Percent per annum,Constant prices,2000,6.938131144
Luxembourg,Annual,Gross domestic product,Percent per annum,Constant prices,2001,3.074356096
Luxembourg,Annual,Gross domestic product,Percent per annum,Constant prices,2002,3.225415536
Luxembourg,Annual,Gross domestic product,Percent per annum,Constant prices,2003,2.61937963
Luxembourg,Annual,Gross domestic product,Percent per annum,Constant prices,2004,4.231890356
Luxembourg,Annual,Gross domestic product,Percent per annum,Constant prices,2005,2.482875001
Luxembourg,Annual,Gross domestic product,Percent per annum,Constant prices,2006,6.01671604
Luxembourg,Annual,Gross domestic product,Percent per annum,Constant prices,2007,8.098666418
Luxembourg,Annual,Gross domestic product,Percent per annum,Constant prices,2008,-0.300175742
Luxembourg,Annual,Gross domestic product,Percent per annum,Constant prices,2009,-3.238954395
Luxembourg,Annual,Gross domestic product,Percent per annum,Constant prices,2010,3.760413029
Luxembourg,Annual,Gross domestic product,Percent per annum,Constant prices,2011,1.044300151
Luxembourg,Annual,Gross domestic product,Percent per annum,Constant prices,2012,1.649900743
Luxembourg,Annual,Gross domestic product,Percent per annum,Constant prices,2013,3.171790488
Luxembourg,Annual,Gross domestic product,Percent per annum,Constant prices,2014,2.623086182
Luxembourg,Annual,Gross domestic product,Percent per annum,Constant prices,2015,2.269785217
Luxembourg,Annual,Gross domestic product,Percent per annum,Constant prices,2016,4.978190694
Luxembourg,Annual,Gross domestic product,Percent per annum,Constant prices,2017,1.317187117
Luxembourg,Annual,Gross domestic product,Percent per annum,Constant prices,2018,1.219322056
Luxembourg,Annual,Gross domestic product,Percent per annum,Constant prices,2019,2.915847455
Luxembourg,Annual,Gross domestic product,Percent per annum,Constant prices,2020,-0.909830048
Luxembourg,Annual,Gross domestic product,Percent per annum,Constant prices,2021,7.168402841
Luxembourg,Annual,Gross domestic product,Percent per annum,Constant prices,2022,1.380185765
Luxembourg,Annual,Gross domestic product,Percent per annum,Constant prices,2023,-1.095723411
Mexico,Annual,Gross domestic product,Percent per annum,Constant prices,1996,6.218297116
Mexico,Annual,Gross domestic product,Percent per annum,Constant prices,1997,7.198876129
Mexico,Annual,Gross domestic product,Percent per annum,Constant prices,1998,6.185078988
Mexico,Annual,Gross domestic product,Percent per annum,Constant prices,1999,2.755030377
Mexico,Annual,Gross domestic product,Percent per annum,Constant prices,2000,5.029283982
Mexico,Annual,Gross domestic product,Percent per annum,Constant prices,2001,-0.450845268
Mexico,Annual,Gross domestic product,Percent per annum,Constant prices,2002,-0.236587993
Mexico,Annual,Gross domestic product,Percent per annum,Constant prices,2003,1.185544888
Mexico,Annual,Gross domestic product,Percent per annum,Constant prices,2004,3.56544102
Mexico,Annual,Gross domestic product,Percent per annum,Constant prices,2005,2.113247131
Mexico,Annual,Gross domestic product,Percent per annum,Constant prices,2006,4.805013487
Mexico,Annual,Gross domestic product,Percent per annum,Constant prices,2007,2.077863969
Mexico,Annual,Gross domestic product,Percent per annum,Constant prices,2008,0.943331834
Mexico,Annual,Gross domestic product,Percent per annum,Constant prices,2009,-6.295250555
Mexico,Annual,Gross domestic product,Percent per annum,Constant prices,2010,4.971334584
Mexico,Annual,Gross domestic product,Percent per annum,Constant prices,2011,3.444045079
Mexico,Annual,Gross domestic product,Percent per annum,Constant prices,2012,3.553210762
Mexico,Annual,Gross domestic product,Percent per annum,Constant prices,2013,0.852101558
Mexico,Annual,Gross domestic product,Percent per annum,Constant prices,2014,2.503763493
Mexico,Annual,Gross domestic product,Percent per annum,Constant prices,2015,2.702323422
Mexico,Annual,Gross domestic product,Percent per annum,Constant prices,2016,1.772493251
Mexico,Annual,Gross domestic product,Percent per annum,Constant prices,2017,1.871728527
Mexico,Annual,Gross domestic product,Percent per annum,Constant prices,2018,1.972082096
Mexico,Annual,Gross domestic product,Percent per annum,Constant prices,2019,-0.392690499
Mexico,Annual,Gross domestic product,Percent per annum,Constant prices,2020,-8.354034602
Mexico,Annual,Gross domestic product,Percent per annum,Constant prices,2021,6.04848349
Mexico,Annual,Gross domestic product,Percent per annum,Constant prices,2022,3.710988932
Mexico,Annual,Gross domestic product,Percent per annum,Constant prices,2023,3.295390921
Netherlands,Annual,Gross domestic product,Percent per annum,Constant prices,1996,3.420577441
Netherlands,Annual,Gross domestic product,Percent per annum,Constant prices,1997,4.24847954
Netherlands,Annual,Gross domestic product,Percent per annum,Constant prices,1998,4.647784509
Netherlands,Annual,Gross domestic product,Percent per annum,Constant prices,1999,5.043321462
Netherlands,Annual,Gross domestic product,Percent per annum,Constant prices,2000,4.219753695
Netherlands,Annual,Gross domestic product,Percent per annum,Constant prices,2001,2.323575615
Netherlands,Annual,Gross domestic product,Percent per annum,Constant prices,2002,0.245785774
Netherlands,Annual,Gross domestic product,Percent per annum,Constant prices,2003,0.097832405
Netherlands,Annual,Gross domestic product,Percent per annum,Constant prices,2004,2.016309924
Netherlands,Annual,Gross domestic product,Percent per annum,Constant prices,2005,2.033963278
Netherlands,Annual,Gross domestic product,Percent per annum,Constant prices,2006,3.537375173
Netherlands,Annual,Gross domestic product,Percent per annum,Constant prices,2007,3.885306483
Netherlands,Annual,Gross domestic product,Percent per annum,Constant prices,2008,2.116815916
Netherlands,Annual,Gross domestic product,Percent per annum,Constant prices,2009,-3.665290498
Netherlands,Annual,Gross domestic product,Percent per annum,Constant prices,2010,1.319320318
Netherlands,Annual,Gross domestic product,Percent per annum,Constant prices,2011,1.773345176
Netherlands,Annual,Gross domestic product,Percent per annum,Constant prices,2012,-0.977876954
Netherlands,Annual,Gross domestic product,Percent per annum,Constant prices,2013,-0.030232523
Netherlands,Annual,Gross domestic product,Percent per annum,Constant prices,2014,1.612609987
Netherlands,Annual,Gross domestic product,Percent per annum,Constant prices,2015,2.12060536
Netherlands,Annual,Gross domestic product,Percent per annum,Constant prices,2016,2.424285738
Netherlands,Annual,Gross domestic product,Percent per annum,Constant prices,2017,2.781546138
Netherlands,Annual,Gross domestic product,Percent per annum,Constant prices,2018,2.258740302
Netherlands,Annual,Gross domestic product,Percent per annum,Constant prices,2019,2.300091621
Netherlands,Annual,Gross domestic product,Percent per annum,Constant prices,2020,-3.867953334
Netherlands,Annual,Gross domestic product,Percent per annum,Constant prices,2021,6.276830733
Netherlands,Annual,Gross domestic product,Percent per annum,Constant prices,2022,5.007234557
Netherlands,Annual,Gross domestic product,Percent per annum,Constant prices,2023,0.074560768
Netherlands,Annual,Gross domestic product,Percent per annum,Constant prices,2024,0.937618005
New Zealand,Annual,Gross domestic product,Percent per annum,Constant prices,1996,3.409002547
New Zealand,Annual,Gross domestic product,Percent per annum,Constant prices,1997,3.162508687
New Zealand,Annual,Gross domestic product,Percent per annum,Constant prices,1998,1.253531355
New Zealand,Annual,Gross domestic product,Percent per annum,Constant prices,1999,5.179425721
New Zealand,Annual,Gross domestic product,Percent per annum,Constant prices,2000,2.260669237
New Zealand,Annual,Gross domestic product,Percent per annum,Constant prices,2001,3.883216717
New Zealand,Annual,Gross domestic product,Percent per annum,Constant prices,2002,5.050842447
New Zealand,Annual,Gross domestic product,Percent per annum,Constant prices,2003,4.668670841
New Zealand,Annual,Gross domestic product,Percent per annum,Constant prices,2004,3.243735676
New Zealand,Annual,Gross domestic product,Percent per annum,Constant prices,2005,3.184799622
New Zealand,Annual,Gross domestic product,Percent per annum,Constant prices,2006,2.285829917
New Zealand,Annual,Gross domestic product,Percent per annum,Constant prices,2007,3.709220823
New Zealand,Annual,Gross domestic product,Percent per annum,Constant prices,2008,-1.387123883
New Zealand,Annual,Gross domestic product,Percent per annum,Constant prices,2009,2.037394686
New Zealand,Annual,Gross domestic product,Percent per annum,Constant prices,2010,0.930328269
New Zealand,Annual,Gross domestic product,Percent per annum,Constant prices,2011,2.471233199
New Zealand,Annual,Gross domestic product,Percent per annum,Constant prices,2012,2.67226019
New Zealand,Annual,Gross domestic product,Percent per annum,Constant prices,2013,1.875516466
New Zealand,Annual,Gross domestic product,Percent per annum,Constant prices,2014,3.669162907
New Zealand,Annual,Gross domestic product,Percent per annum,Constant prices,2015,4.215938152
New Zealand,Annual,Gross domestic product,Percent per annum,Constant prices,2016,3.883729979
New Zealand,Annual,Gross domestic product,Percent per annum,Constant prices,2017,4.294600231
New Zealand,Annual,Gross domestic product,Percent per annum,Constant prices,2018,3.846917897
New Zealand,Annual,Gross domestic product,Percent per annum,Constant prices,2019,2.424578424
New Zealand,Annual,Gross domestic product,Percent per annum,Constant prices,2020,0.171916533
New Zealand,Annual,Gross domestic product,Percent per annum,Constant prices,2021,4.624259715
New Zealand,Annual,Gross domestic product,Percent per annum,Constant prices,2022,3.925220232
New Zealand,Annual,Gross domestic product,Percent per annum,Constant prices,2023,1.288619812
Norway,Annual,Gross domestic product,Percent per annum,Constant prices,1996,5.027913164
Norway,Annual,Gross domestic product,Percent per annum,Constant prices,1997,5.284606301
Norway,Annual,Gross domestic product,Percent per annum,Constant prices,1998,2.66868655
Norway,Annual,Gross domestic product,Percent per annum,Constant prices,1999,2.07204743
Norway,Annual,Gross domestic product,Percent per annum,Constant prices,2000,3.318945476
Norway,Annual,Gross domestic product,Percent per annum,Constant prices,2001,2.067130574
Norway,Annual,Gross domestic product,Percent per annum,Constant prices,2002,1.37755699
Norway,Annual,Gross domestic product,Percent per annum,Constant prices,2003,0.944909355
Norway,Annual,Gross domestic product,Percent per annum,Constant prices,2004,4.014587989
Norway,Annual,Gross domestic product,Percent per annum,Constant prices,2005,2.685123055
Norway,Annual,Gross domestic product,Percent per annum,Constant prices,2006,2.461473169
Norway,Annual,Gross domestic product,Percent per annum,Constant prices,2007,2.914039999
Norway,Annual,Gross domestic product,Percent per annum,Constant prices,2008,0.481919418
Norway,Annual,Gross domestic product,Percent per annum,Constant prices,2009,-1.940364666
Norway,Annual,Gross domestic product,Percent per annum,Constant prices,2010,0.787051701
Norway,Annual,Gross domestic product,Percent per annum,Constant prices,2011,1.105656013
Norway,Annual,Gross domestic product,Percent per annum,Constant prices,2012,2.717959533
Norway,Annual,Gross domestic product,Percent per annum,Constant prices,2013,1.016190645
Norway,Annual,Gross domestic product,Percent per annum,Constant prices,2014,2.048131915
Norway,Annual,Gross domestic product,Percent per annum,Constant prices,2015,1.857339792
Norway,Annual,Gross domestic product,Percent per annum,Constant prices,2016,1.164724215
Norway,Annual,Gross domestic product,Percent per annum,Constant prices,2017,2.46374641
Norway,Annual,Gross domestic product,Percent per annum,Constant prices,2018,0.828931365
Norway,Annual,Gross domestic product,Percent per annum,Constant prices,2019,1.123747073
Norway,Annual,Gross domestic product,Percent per annum,Constant prices,2020,-1.278171816
Norway,Annual,Gross domestic product,Percent per annum,Constant prices,2021,3.908686678
Norway,Annual,Gross domestic product,Percent per annum,Constant prices,2022,3.246228696
Norway,Annual,Gross domestic product,Percent per annum,Constant prices,2023,0.072120531
Norway,Annual,Gross domestic product,Percent per annum,Constant prices,2024,2.100453331
Poland,Annual,Gross domestic product,Percent per annum,Constant prices,1996,6.093887722
Poland,Annual,Gross domestic product,Percent per annum,Constant prices,1997,6.358905091
Poland,Annual,Gross domestic product,Percent per annum,Constant prices,1998,4.621602717
Poland,Annual,Gross domestic product,Percent per annum,Constant prices,1999,4.69918548
Poland,Annual,Gross domestic product,Percent per annum,Constant prices,2000,4.656335632
Poland,Annual,Gross domestic product,Percent per annum,Constant prices,2001,1.233745786
Poland,Annual,Gross domestic product,Percent per annum,Constant prices,2002,1.901194342
Poland,Annual,Gross domestic product,Percent per annum,Constant prices,2003,3.523369629
Poland,Annual,Gross domestic product,Percent per annum,Constant prices,2004,5.090800408
Poland,Annual,Gross domestic product,Percent per annum,Constant prices,2005,3.260822836
Poland,Annual,Gross domestic product,Percent per annum,Constant prices,2006,6.202102793
Poland,Annual,Gross domestic product,Percent per annum,Constant prices,2007,6.760451272
Poland,Annual,Gross domestic product,Percent per annum,Constant prices,2008,4.383769972
Poland,Annual,Gross domestic product,Percent per annum,Constant prices,2009,2.615129805
Poland,Annual,Gross domestic product,Percent per annum,Constant prices,2010,3.168922838
Poland,Annual,Gross domestic product,Percent per annum,Constant prices,2011,5.255463522
Poland,Annual,Gross domestic product,Percent per annum,Constant prices,2012,1.51178389
Poland,Annual,Gross domestic product,Percent per annum,Constant prices,2013,0.684238266
Poland,Annual,Gross domestic product,Percent per annum,Constant prices,2014,3.920509708
Poland,Annual,Gross domestic product,Percent per annum,Constant prices,2015,4.431766617
Poland,Annual,Gross domestic product,Percent per annum,Constant prices,2016,3.031175592
Poland,Annual,Gross domestic product,Percent per annum,Constant prices,2017,5.152457388
Poland,Annual,Gross domestic product,Percent per annum,Constant prices,2018,6.245862683
Poland,Annual,Gross domestic product,Percent per annum,Constant prices,2019,4.580454558
Poland,Annual,Gross domestic product,Percent per annum,Constant prices,2020,-2.035566271
Poland,Annual,Gross domestic product,Percent per annum,Constant prices,2021,6.927181756
Poland,Annual,Gross domestic product,Percent per annum,Constant prices,2022,5.255458729
Poland,Annual,Gross domestic product,Percent per annum,Constant prices,2023,0.138829525
Poland,Annual,Gross domestic product,Percent per annum,Constant prices,2024,2.85163581
Portugal,Annual,Gross domestic product,Percent per annum,Constant prices,1996,3.504246729
Portugal,Annual,Gross domestic product,Percent per annum,Constant prices,1997,4.400867663
Portugal,Annual,Gross domestic product,Percent per annum,Constant prices,1998,4.807962951
Portugal,Annual,Gross domestic product,Percent per annum,Constant prices,1999,3.906577663
Portugal,Annual,Gross domestic product,Percent per annum,Constant prices,2000,3.816177237
Portugal,Annual,Gross domestic product,Percent per annum,Constant prices,2001,1.943672483
Portugal,Annual,Gross domestic product,Percent per annum,Constant prices,2002,0.770924358
Portugal,Annual,Gross domestic product,Percent per annum,Constant prices,2003,-0.930520973
Portugal,Annual,Gross domestic product,Percent per annum,Constant prices,2004,1.788735596
Portugal,Annual,Gross domestic product,Percent per annum,Constant prices,2005,0.781847633
Portugal,Annual,Gross domestic product,Percent per annum,Constant prices,2006,1.625035273
Portugal,Annual,Gross domestic product,Percent per annum,Constant prices,2007,2.506579329
Portugal,Annual,Gross domestic product,Percent per annum,Constant prices,2008,0.319247148
Portugal,Annual,Gross domestic product,Percent per annum,Constant prices,2009,-3.122078037
Portugal,Annual,Gross domestic product,Percent per annum,Constant prices,2010,1.737624586
Portugal,Annual,Gross domestic product,Percent per annum,Constant prices,2011,-1.713527737
Portugal,Annual,Gross domestic product,Percent per annum,Constant prices,2012,-4.050902329
Portugal,Annual,Gross domestic product,Percent per annum,Constant prices,2013,-0.984106816
Portugal,Annual,Gross domestic product,Percent per annum,Constant prices,2014,0.741391277
Portugal,Annual,Gross domestic product,Percent per annum,Constant prices,2015,1.589798379
Portugal,Annual,Gross domestic product,Percent per annum,Constant prices,2016,2.004141034
Portugal,Annual,Gross domestic product,Percent per annum,Constant prices,2017,3.314720875
Portugal,Annual,Gross domestic product,Percent per annum,Constant prices,2018,2.946282295
Portugal,Annual,Gross domestic product,Percent per annum,Constant prices,2019,2.745684898
Portugal,Annual,Gross domestic product,Percent per annum,Constant prices,2020,-8.204632004
Portugal,Annual,Gross domestic product,Percent per annum,Constant prices,2021,5.558757491
Portugal,Annual,Gross domestic product,Percent per annum,Constant prices,2022,6.985841951
Portugal,Annual,Gross domestic product,Percent per annum,Constant prices,2023,2.613128427
Portugal,Annual,Gross domestic product,Percent per annum,Constant prices,2024,1.899941849
Slovak Republic,Annual,Gross domestic product,Percent per annum,Constant prices,1996,6.119578516
Slovak Republic,Annual,Gross domestic product,Percent per annum,Constant prices,1997,5.485840377
Slovak Republic,Annual,Gross domestic product,Percent per annum,Constant prices,1998,3.826107611
Slovak Republic,Annual,Gross domestic product,Percent per annum,Constant prices,1999,-0.47326081
Slovak Republic,Annual,Gross domestic product,Percent per annum,Constant prices,2000,0.789224274
Slovak Republic,Annual,Gross domestic product,Percent per annum,Constant prices,2001,2.925160618
Slovak Republic,Annual,Gross domestic product,Percent per annum,Constant prices,2002,4.417253222
Slovak Republic,Annual,Gross domestic product,Percent per annum,Constant prices,2003,4.856699119
Slovak Republic,Annual,Gross domestic product,Percent per annum,Constant prices,2004,5.389498786
Slovak Republic,Annual,Gross domestic product,Percent per annum,Constant prices,2005,6.484931798
Slovak Republic,Annual,Gross domestic product,Percent per annum,Constant prices,2006,8.925687296
Slovak Republic,Annual,Gross domestic product,Percent per annum,Constant prices,2007,10.81862943
Slovak Republic,Annual,Gross domestic product,Percent per annum,Constant prices,2008,5.363376818
Slovak Republic,Annual,Gross domestic product,Percent per annum,Constant prices,2009,-5.505337878
Slovak Republic,Annual,Gross domestic product,Percent per annum,Constant prices,2010,6.790582028
Slovak Republic,Annual,Gross domestic product,Percent per annum,Constant prices,2011,2.562424611
Slovak Republic,Annual,Gross domestic product,Percent per annum,Constant prices,2012,1.569170697
Slovak Republic,Annual,Gross domestic product,Percent per annum,Constant prices,2013,0.703323785
Slovak Republic,Annual,Gross domestic product,Percent per annum,Constant prices,2014,2.707951244
Slovak Republic,Annual,Gross domestic product,Percent per annum,Constant prices,2015,5.176879072
Slovak Republic,Annual,Gross domestic product,Percent per annum,Constant prices,2016,1.947818667
Slovak Republic,Annual,Gross domestic product,Percent per annum,Constant prices,2017,2.874733191
Slovak Republic,Annual,Gross domestic product,Percent per annum,Constant prices,2018,4.062119669
Slovak Republic,Annual,Gross domestic product,Percent per annum,Constant prices,2019,2.275899352
Slovak Republic,Annual,Gross domestic product,Percent per annum,Constant prices,2020,-2.585512448
Slovak Republic,Annual,Gross domestic product,Percent per annum,Constant prices,2021,5.726988573
Slovak Republic,Annual,Gross domestic product,Percent per annum,Constant prices,2022,0.449673951
Slovak Republic,Annual,Gross domestic product,Percent per annum,Constant prices,2023,1.378337426
Slovak Republic,Annual,Gross domestic product,Percent per annum,Constant prices,2024,2.026033651
Slovenia,Annual,Gross domestic product,Percent per annum,Constant prices,1996,2.913617857
Slovenia,Annual,Gross domestic product,Percent per annum,Constant prices,1997,5.171340638
Slovenia,Annual,Gross domestic product,Percent per annum,Constant prices,1998,3.06382554
Slovenia,Annual,Gross domestic product,Percent per annum,Constant prices,1999,5.268007767
Slovenia,Annual,Gross domestic product,Percent per annum,Constant prices,2000,3.497917034
Slovenia,Annual,Gross domestic product,Percent per annum,Constant prices,2001,2.828686109
Slovenia,Annual,Gross domestic product,Percent per annum,Constant prices,2002,3.282583665
Slovenia,Annual,Gross domestic product,Percent per annum,Constant prices,2003,3.195030912
Slovenia,Annual,Gross domestic product,Percent per annum,Constant prices,2004,4.546023071
Slovenia,Annual,Gross domestic product,Percent per annum,Constant prices,2005,3.854126055
Slovenia,Annual,Gross domestic product,Percent per annum,Constant prices,2006,5.90878216
Slovenia,Annual,Gross domestic product,Percent per annum,Constant prices,2007,7.139232184
Slovenia,Annual,Gross domestic product,Percent per annum,Constant prices,2008,3.372237283
Slovenia,Annual,Gross domestic product,Percent per annum,Constant prices,2009,-7.590585902
Slovenia,Annual,Gross domestic product,Percent per annum,Constant prices,2010,1.112137535
Slovenia,Annual,Gross domestic product,Percent per annum,Constant prices,2011,0.655439038
Slovenia,Annual,Gross domestic product,Percent per annum,Constant prices,2012,-2.915539424
Slovenia,Annual,Gross domestic product,Percent per annum,Constant prices,2013,-0.8237762
Slovenia,Annual,Gross domestic product,Percent per annum,Constant prices,2014,2.762832939
Slovenia,Annual,Gross domestic product,Percent per annum,Constant prices,2015,2.39330589
Slovenia,Annual,Gross domestic product,Percent per annum,Constant prices,2016,3.034415858
Slovenia,Annual,Gross domestic product,Percent per annum,Constant prices,2017,5.174403454
Slovenia,Annual,Gross domestic product,Percent per annum,Constant prices,2018,4.379082479
Slovenia,Annual,Gross domestic product,Percent per annum,Constant prices,2019,3.505252592
Slovenia,Annual,Gross domestic product,Percent per annum,Constant prices,2020,-4.08500029
Slovenia,Annual,Gross domestic product,Percent per annum,Constant prices,2021,8.3896502
Slovenia,Annual,Gross domestic product,Percent per annum,Constant prices,2022,2.699240079
Slovenia,Annual,Gross domestic product,Percent per annum,Constant prices,2023,2.11258974
Slovenia,Annual,Gross domestic product,Percent per annum,Constant prices,2024,1.591015451
Spain,Annual,Gross domestic product,Percent per annum,Constant prices,1996,2.607411213
Spain,Annual,Gross domestic product,Percent per annum,Constant prices,1997,3.587299742
Spain,Annual,Gross domestic product,Percent per annum,Constant prices,1998,4.301977399
Spain,Annual,Gross domestic product,Percent per annum,Constant prices,1999,4.408865501
Spain,Annual,Gross domestic product,Percent per annum,Constant prices,2000,5.200641241
Spain,Annual,Gross domestic product,Percent per annum,Constant prices,2001,3.919088794
Spain,Annual,Gross domestic product,Percent per annum,Constant prices,2002,2.755456103
Spain,Annual,Gross domestic product,Percent per annum,Constant prices,2003,2.939289579
Spain,Annual,Gross domestic product,Percent per annum,Constant prices,2004,3.114531486
Spain,Annual,Gross domestic product,Percent per annum,Constant prices,2005,3.5512256
Spain,Annual,Gross domestic product,Percent per annum,Constant prices,2006,4.043435177
Spain,Annual,Gross domestic product,Percent per annum,Constant prices,2007,3.5335001
Spain,Annual,Gross domestic product,Percent per annum,Constant prices,2008,0.767165781
Spain,Annual,Gross domestic product,Percent per annum,Constant prices,2009,-3.768133095
Spain,Annual,Gross domestic product,Percent per annum,Constant prices,2010,0.09412232
Spain,Annual,Gross domestic product,Percent per annum,Constant prices,2011,-0.639920652
Spain,Annual,Gross domestic product,Percent per annum,Constant prices,2012,-2.865113675
Spain,Annual,Gross domestic product,Percent per annum,Constant prices,2013,-1.427322258
Spain,Annual,Gross domestic product,Percent per annum,Constant prices,2014,1.520485976
Spain,Annual,Gross domestic product,Percent per annum,Constant prices,2015,4.060866697
Spain,Annual,Gross domestic product,Percent per annum,Constant prices,2016,2.915155992
Spain,Annual,Gross domestic product,Percent per annum,Constant prices,2017,2.896042104
Spain,Annual,Gross domestic product,Percent per annum,Constant prices,2018,2.395411242
Spain,Annual,Gross domestic product,Percent per annum,Constant prices,2019,1.961178503
Spain,Annual,Gross domestic product,Percent per annum,Constant prices,2020,-10.94007064
Spain,Annual,Gross domestic product,Percent per annum,Constant prices,2021,6.683144176
Spain,Annual,Gross domestic product,Percent per annum,Constant prices,2022,6.179312237
Spain,Annual,Gross domestic product,Percent per annum,Constant prices,2023,2.675663468
Spain,Annual,Gross domestic product,Percent per annum,Constant prices,2024,3.246438257
Sweden,Annual,Gross domestic product,Percent per annum,Constant prices,1996,1.704821256
Sweden,Annual,Gross domestic product,Percent per annum,Constant prices,1997,3.064871056
Sweden,Annual,Gross domestic product,Percent per annum,Constant prices,1998,4.24572529
Sweden,Annual,Gross domestic product,Percent per annum,Constant prices,1999,4.201073824
Sweden,Annual,Gross domestic product,Percent per annum,Constant prices,2000,4.631115999
Sweden,Annual,Gross domestic product,Percent per annum,Constant prices,2001,1.360766711
Sweden,Annual,Gross domestic product,Percent per annum,Constant prices,2002,2.277671262
Sweden,Annual,Gross domestic product,Percent per annum,Constant prices,2003,1.880944129
Sweden,Annual,Gross domestic product,Percent per annum,Constant prices,2004,4.179530468
Sweden,Annual,Gross domestic product,Percent per annum,Constant prices,2005,2.793176818
Sweden,Annual,Gross domestic product,Percent per annum,Constant prices,2006,4.67599867
Sweden,Annual,Gross domestic product,Percent per annum,Constant prices,2007,3.224911278
Sweden,Annual,Gross domestic product,Percent per annum,Constant prices,2008,-0.923123074
Sweden,Annual,Gross domestic product,Percent per annum,Constant prices,2009,-4.255573826
Sweden,Annual,Gross domestic product,Percent per annum,Constant prices,2010,5.750735843
Sweden,Annual,Gross domestic product,Percent per annum,Constant prices,2011,3.163910542
Sweden,Annual,Gross domestic product,Percent per annum,Constant prices,2012,-0.414465643
Sweden,Annual,Gross domestic product,Percent per annum,Constant prices,2013,1.137716458
Sweden,Annual,Gross domestic product,Percent per annum,Constant prices,2014,2.295763787
Sweden,Annual,Gross domestic product,Percent per annum,Constant prices,2015,4.410140643
Sweden,Annual,Gross domestic product,Percent per annum,Constant prices,2016,2.349740904
Sweden,Annual,Gross domestic product,Percent per annum,Constant prices,2017,1.825156034
Sweden,Annual,Gross domestic product,Percent per annum,Constant prices,2018,1.902964536
Sweden,Annual,Gross domestic product,Percent per annum,Constant prices,2019,2.549647916
Sweden,Annual,Gross domestic product,Percent per annum,Constant prices,2020,-2.005337581
Sweden,Annual,Gross domestic product,Percent per annum,Constant prices,2021,5.937508593
Sweden,Annual,Gross domestic product,Percent per annum,Constant prices,2022,1.459288552
Sweden,Annual,Gross domestic product,Percent per annum,Constant prices,2023,-0.114161985
Sweden,Annual,Gross domestic product,Percent per annum,Constant prices,2024,0.973832173
Switzerland,Annual,Gross domestic product,Percent per annum,Constant prices,1996,0.471279909
Switzerland,Annual,Gross domestic product,Percent per annum,Constant prices,1997,2.261325508
Switzerland,Annual,Gross domestic product,Percent per annum,Constant prices,1998,3.029969094
Switzerland,Annual,Gross domestic product,Percent per annum,Constant prices,1999,1.662701264
Switzerland,Annual,Gross domestic product,Percent per annum,Constant prices,2000,3.958719744
Switzerland,Annual,Gross domestic product,Percent per annum,Constant prices,2001,1.57566202
Switzerland,Annual,Gross domestic product,Percent per annum,Constant prices,2002,-0.073217333
Switzerland,Annual,Gross domestic product,Percent per annum,Constant prices,2003,-0.032398322
Switzerland,Annual,Gross domestic product,Percent per annum,Constant prices,2004,2.701709176
Switzerland,Annual,Gross domestic product,Percent per annum,Constant prices,2005,2.749699096
Switzerland,Annual,Gross domestic product,Percent per annum,Constant prices,2006,4.073628539
Switzerland,Annual,Gross domestic product,Percent per annum,Constant prices,2007,3.916375624
Switzerland,Annual,Gross domestic product,Percent per annum,Constant prices,2008,2.807983638
Switzerland,Annual,Gross domestic product,Percent per annum,Constant prices,2009,-2.297374534
Switzerland,Annual,Gross domestic product,Percent per annum,Constant prices,2010,3.243397259
Switzerland,Annual,Gross domestic product,Percent per annum,Constant prices,2011,1.813108152
Switzerland,Annual,Gross domestic product,Percent per annum,Constant prices,2012,1.179253712
Switzerland,Annual,Gross domestic product,Percent per annum,Constant prices,2013,1.792144206
Switzerland,Annual,Gross domestic product,Percent per annum,Constant prices,2014,2.349881258
Switzerland,Annual,Gross domestic product,Percent per annum,Constant prices,2015,1.644627608
Switzerland,Annual,Gross domestic product,Percent per annum,Constant prices,2016,2.068689756
Switzerland,Annual,Gross domestic product,Percent per annum,Constant prices,2017,1.362799556
Switzerland,Annual,Gross domestic product,Percent per annum,Constant prices,2018,2.860445792
Switzerland,Annual,Gross domestic product,Percent per annum,Constant prices,2019,1.141982313
Switzerland,Annual,Gross domestic product,Percent per annum,Constant prices,2020,-2.141737287
Switzerland,Annual,Gross domestic product,Percent per annum,Constant prices,2021,5.559620299
Switzerland,Annual,Gross domestic product,Percent per annum,Constant prices,2022,3.04406106
Switzerland,Annual,Gross domestic product,Percent per annum,Constant prices,2023,0.683328064
Turkey,Annual,Gross domestic product,Percent per annum,Constant prices,1996,7.005319451
Turkey,Annual,Gross domestic product,Percent per annum,Constant prices,1997,7.528800973
Turkey,Annual,Gross domestic product,Percent per annum,Constant prices,1998,3.091863321
Turkey,Annual,Gross domestic product,Percent per annum,Constant prices,1999,-3.263167369
Turkey,Annual,Gross domestic product,Percent per annum,Constant prices,2000,6.933244473
Turkey,Annual,Gross domestic product,Percent per annum,Constant prices,2001,-5.750001441
Turkey,Annual,Gross domestic product,Percent per annum,Constant prices,2002,6.447715718
Turkey,Annual,Gross domestic product,Percent per annum,Constant prices,2003,5.763201669
Turkey,Annual,Gross domestic product,Percent per annum,Constant prices,2004,9.795946989
Turkey,Annual,Gross domestic product,Percent per annum,Constant prices,2005,8.992295198
Turkey,Annual,Gross domestic product,Percent per annum,Constant prices,2006,6.947994434
Turkey,Annual,Gross domestic product,Percent per annum,Constant prices,2007,5.04351034
Turkey,Annual,Gross domestic product,Percent per annum,Constant prices,2008,0.815008765
Turkey,Annual,Gross domestic product,Percent per annum,Constant prices,2009,-4.823188831
Turkey,Annual,Gross domestic product,Percent per annum,Constant prices,2010,8.427201891
Turkey,Annual,Gross domestic product,Percent per annum,Constant prices,2011,11.20006672
Turkey,Annual,Gross domestic product,Percent per annum,Constant prices,2012,4.788469377
Turkey,Annual,Gross domestic product,Percent per annum,Constant prices,2013,8.485824184
Turkey,Annual,Gross domestic product,Percent per annum,Constant prices,2014,4.939705421
Turkey,Annual,Gross domestic product,Percent per annum,Constant prices,2015,6.084494165
Turkey,Annual,Gross domestic product,Percent per annum,Constant prices,2016,3.323115844
Turkey,Annual,Gross domestic product,Percent per annum,Constant prices,2017,7.501968025
Turkey,Annual,Gross domestic product,Percent per annum,Constant prices,2018,3.013192506
Turkey,Annual,Gross domestic product,Percent per annum,Constant prices,2019,0.818525912
Turkey,Annual,Gross domestic product,Percent per annum,Constant prices,2020,1.859839683
Turkey,Annual,Gross domestic product,Percent per annum,Constant prices,2021,11.43938476
Turkey,Annual,Gross domestic product,Percent per annum,Constant prices,2022,5.533469264
Turkey,Annual,Gross domestic product,Percent per annum,Constant prices,2023,5.111148706
United Kingdom,Annual,Gross domestic product,Percent per annum,Constant prices,1996,2.581993873
United Kingdom,Annual,Gross domestic product,Percent per annum,Constant prices,1997,4.924648322
United Kingdom,Annual,Gross domestic product,Percent per annum,Constant prices,1998,3.402658196
United Kingdom,Annual,Gross domestic product,Percent per annum,Constant prices,1999,3.058323261
United Kingdom,Annual,Gross domestic product,Percent per annum,Constant prices,2000,4.341634192
United Kingdom,Annual,Gross domestic product,Percent per annum,Constant prices,2001,2.572780422
United Kingdom,Annual,Gross domestic product,Percent per annum,Constant prices,2002,1.795660747
United Kingdom,Annual,Gross domestic product,Percent per annum,Constant prices,2003,3.152346543
United Kingdom,Annual,Gross domestic product,Percent per annum,Constant prices,2004,2.457904397
United Kingdom,Annual,Gross domestic product,Percent per annum,Constant prices,2005,2.732660812
United Kingdom,Annual,Gross domestic product,Percent per annum,Constant prices,2006,2.380693999
United Kingdom,Annual,Gross domestic product,Percent per annum,Constant prices,2007,2.624879981
United Kingdom,Annual,Gross domestic product,Percent per annum,Constant prices,2008,-0.248797251
United Kingdom,Annual,Gross domestic product,Percent per annum,Constant prices,2009,-4.620553723
United Kingdom,Annual,Gross domestic product,Percent per annum,Constant prices,2010,2.233315084
United Kingdom,Annual,Gross domestic product,Percent per annum,Constant prices,2011,1.138362405
United Kingdom,Annual,Gross domestic product,Percent per annum,Constant prices,2012,1.508998367
United Kingdom,Annual,Gross domestic product,Percent per annum,Constant prices,2013,1.799921478
United Kingdom,Annual,Gross domestic product,Percent per annum,Constant prices,2014,3.1946373
United Kingdom,Annual,Gross domestic product,Percent per annum,Constant prices,2015,2.222888447
United Kingdom,Annual,Gross domestic product,Percent per annum,Constant prices,2016,1.921710083
United Kingdom,Annual,Gross domestic product,Percent per annum,Constant prices,2017,2.656504868
United Kingdom,Annual,Gross domestic product,Percent per annum,Constant prices,2018,1.40519028
United Kingdom,Annual,Gross domestic product,Percent per annum,Constant prices,2019,1.624475169
United Kingdom,Annual,Gross domestic product,Percent per annum,Constant prices,2020,-10.29691883
United Kingdom,Annual,Gross domestic product,Percent per annum,Constant prices,2021,8.575950851
United Kingdom,Annual,Gross domestic product,Percent per annum,Constant prices,2022,4.839085182
United Kingdom,Annual,Gross domestic product,Percent per annum,Constant prices,2023,0.382437156
United Kingdom,Annual,Gross domestic product,Percent per annum,Constant prices,2024,0.935022032
United States,Annual,Gross domestic product,Percent per annum,Constant prices,1996,3.772772691
United States,Annual,Gross domestic product,Percent per annum,Constant prices,1997,4.447127936
United States,Annual,Gross domestic product,Percent per annum,Constant prices,1998,4.483133354
United States,Annual,Gross domestic product,Percent per annum,Constant prices,1999,4.788425047
United States,Annual,Gross domestic product,Percent per annum,Constant prices,2000,4.077585757
United States,Annual,Gross domestic product,Percent per annum,Constant prices,2001,0.955538348
United States,Annual,Gross domestic product,Percent per annum,Constant prices,2002,1.700447326
United States,Annual,Gross domestic product,Percent per annum,Constant prices,2003,2.795605963
United States,Annual,Gross domestic product,Percent per annum,Constant prices,2004,3.847771696
United States,Annual,Gross domestic product,Percent per annum,Constant prices,2005,3.483549936
United States,Annual,Gross domestic product,Percent per annum,Constant prices,2006,2.784539637
United States,Annual,Gross domestic product,Percent per annum,Constant prices,2007,2.003858298
United States,Annual,Gross domestic product,Percent per annum,Constant prices,2008,0.11358725
United States,Annual,Gross domestic product,Percent per annum,Constant prices,2009,-2.57650023
United States,Annual,Gross domestic product,Percent per annum,Constant prices,2010,2.695192577
United States,Annual,Gross domestic product,Percent per annum,Constant prices,2011,1.564406858
United States,Annual,Gross domestic product,Percent per annum,Constant prices,2012,2.289113387
United States,Annual,Gross domestic product,Percent per annum,Constant prices,2013,2.117830098
United States,Annual,Gross domestic product,Percent per annum,Constant prices,2014,2.523819814
United States,Annual,Gross domestic product,Percent per annum,Constant prices,2015,2.945550455
United States,Annual,Gross domestic product,Percent per annum,Constant prices,2016,1.819451478
United States,Annual,Gross domestic product,Percent per annum,Constant prices,2017,2.457622299
United States,Annual,Gross domestic product,Percent per annum,Constant prices,2018,2.966505069
United States,Annual,Gross domestic product,Percent per annum,Constant prices,2019,2.583825334
United States,Annual,Gross domestic product,Percent per annum,Constant prices,2020,-2.16302914
United States,Annual,Gross domestic product,Percent per annum,Constant prices,2021,6.055052932
United States,Annual,Gross domestic product,Percent per annum,Constant prices,2022,2.51237532
United States,Annual,Gross domestic product,Percent per annum,Constant prices,2023,2.887556007